npm warn tarball tarball data for zod@https://registry.npmjs.org/zod/-/zod-4.4.3.tgz (sha512-ytENFjIJFl2UwYglde2jchW2Hwm4GJFLDiSXWdTrJQBIN9Fcyp7n4DhxJEiWNAJMV1/BqWfW/kkg71UDcHJyTQ==) seems to be corrupted. Trying again.
npm warn tarball tarball data for whatwg-url@https://registry.npmjs.org/whatwg-url/-/whatwg-url-17.1.0.tgz (sha512-3GeworPmc2ZfEEHP7lEbUfBX/L75wdEsi0rLNhXcXxnoN5jyq0SL5gCy06SGW2cyTIZdTvWIDQNQoza++vKeaw==) seems to be corrupted. Trying again.
npm warn tarball tarball data for xml-name-validator@https://registry.npmjs.org/xml-name-validator/-/xml-name-validator-5.0.0.tgz (sha512-EvGK8EJ3DhaHfbRlETOWAS5pO9MZITeauHKJyb8wyajUfQUenkIg2MvLDTZ4T/TgIcm3HU0TFBgWWboAZ30UHg==) seems to be corrupted. Trying again.
npm warn tarball tarball data for zod-to-json-schema@https://registry.npmjs.org/zod-to-json-schema/-/zod-to-json-schema-3.25.2.tgz (sha512-O/PgfnpT1xKSDeQYSCfRI5Gy3hPf91mKVDuYLUHZJMiDFptvP41MSnWofm8dnCm0256ZNfZIM7DSzuSMAFnjHA==) seems to be corrupted. Trying again.
npm warn tarball tarball data for wrappy@https://registry.npmjs.org/wrappy/-/wrappy-1.0.2.tgz (sha512-l4Sp/DRseor9wL6EvV2+TuQn63dMkPjZ/sp9XkghTEbV9KlPS1xUsZ3u7/IQO4wxtcFB4bgpQPRcR3QCvezPcQ==) seems to be corrupted. Trying again.
npm warn tarball tarball data for which@https://registry.npmjs.org/which/-/which-2.0.2.tgz (sha512-BLI3Tl1TW3Pvl70l3yq3Y64i+awpwXqsGBYWkkqMtnbXgrMD+yj7rhW0kuEDxzJaYXGjEW5ogapKNMEKNMjibA==) seems to be corrupted. Trying again.
npm warn tarball tarball data for wrap-ansi@https://registry.npmjs.org/wrap-ansi/-/wrap-ansi-10.0.0.tgz (sha512-SGcvg80f0wUy2/fXES19feHMz8E0JoXv2uNgHOu4Dgi2OrCy1lqwFYEJz1BLbDI0exjPMe/ZdzZ/YpGECBG/aQ==) seems to be corrupted. Trying again.
npm warn tarball tarball data for yocto-queue@https://registry.npmjs.org/yocto-queue/-/yocto-queue-0.1.0.tgz (sha512-rVksvsnNCdJ/ohGc6xgPwyN8eheCxsiLM8mxuE/t/mOVqJewPuO1miLpTHQiRgTKCLexL4MeAFVagts7HmNZ2Q==) seems to be corrupted. Trying again.
npm warn tarball tarball data for wordwrap@https://registry.npmjs.org/wordwrap/-/wordwrap-1.0.0.tgz (sha512-gvVzJFlPycKc5dZN4yPkP8w7Dc37BtP1yczEneOb4uq34pXZcvrtRTmWV8W+Ume+XCxKgbjM+nevkyFPMybd4Q==) seems to be corrupted. Trying again.
npm warn tarball tarball data for yargs@https://registry.npmjs.org/yargs/-/yargs-18.0.0.tgz (sha512-4UEqdc2RYGHZc7Doyqkrqiln3p9X2DZVxaGbwhn2pi7MrRagKaOcIKe8L3OxYcbhXLgLFUS3zAYuQjKBQgmuNg==) seems to be corrupted. Trying again.
npm warn tarball tarball data for xmlchars@https://registry.npmjs.org/xmlchars/-/xmlchars-2.2.0.tgz (sha512-JZnDKK8B0RCDw84FNdDAIpZK+JuJw+s7Lz8nksI7SIuU3UXJJslUthsi+uWBUYOwPFwW7W7PRLRfUKpxjtjFCw==) seems to be corrupted. Trying again.
npm warn tarball tarball data for y18n@https://registry.npmjs.org/y18n/-/y18n-5.0.8.tgz (sha512-0pfFzegeDWJHJIAmTLRP2DwHjdF5s7jo9tuztdQxAhINCdvS+3nGINqPd00AphqJR/0LhANUS6/+7SCb98YOfA==) seems to be corrupted. Trying again.
npm warn tarball tarball data for yargs-parser@https://registry.npmjs.org/yargs-parser/-/yargs-parser-22.0.0.tgz (sha512-rwu/ClNdSMpkSrUb+d6BRsSkLUq1fmfsY6TOpYzTwvwkg1/NRG85KBy3kq++A8LKQwX6lsu+aWad+2khvuXrqw==) seems to be corrupted. Trying again.
npm warn tarball tarball data for whatwg-mimetype@https://registry.npmjs.org/whatwg-mimetype/-/whatwg-mimetype-5.0.0.tgz (sha512-sXcNcHOC51uPGF0P/D4NVtrkjSU2fNsm9iog4ZvZJsL3rjoDAzXZhkm2MWt1y+PUdggKAYVoMAIYcs78wJ51Cw==) seems to be corrupted. Trying again.
npm warn tarball tarball data for yoctocolors@https://registry.npmjs.org/yoctocolors/-/yoctocolors-2.2.0.tgz (sha512-xYqdZFUK/VYazNl/oCDYN+3WloWQwMfZxBoiNt6qNyk+xfOdi598muWE42rNZFp1kNOiqW936q5RhUdnpqElSg==) seems to be corrupted. Trying again.
npm warn tarball tarball data for watchpack@https://registry.npmjs.org/watchpack/-/watchpack-2.5.2.tgz (sha512-6i/00NBjP4yGPs+caKSyRfpTF/8Torsu0MOW3mMzIbhgISFder8i7xbqgHlLMwJrdiN8ndBV3UA1/AfzPSr+jg==) seems to be corrupted. Trying again.
npm warn tarball tarball data for weak-lru-cache@https://registry.npmjs.org/weak-lru-cache/-/weak-lru-cache-1.2.2.tgz (sha512-DEAoo25RfSYMuTGc9vPJzZcZullwIqRDSI9LOy+fkCJPi6hykCnfKaXTuPBDuXAUcqHXyOgFtHNp/kB2FjYHbw==) seems to be corrupted. Trying again.
npm warn tarball tarball data for webidl-conversions@https://registry.npmjs.org/webidl-conversions/-/webidl-conversions-8.0.1.tgz (sha512-BMhLD/Sw+GbJC21C/UgyaZX41nPt8bUTg+jWyDeg7e7YN4xOM05YPSIXceACnXVtqyEw/LMClUQMtMZ+PGGpqQ==) seems to be corrupted. Trying again.
npm warn tarball tarball data for w3c-xmlserializer@https://registry.npmjs.org/w3c-xmlserializer/-/w3c-xmlserializer-5.0.0.tgz (sha512-o8qghlI8NZHU1lLPrpi2+Uq7abh4GGPpYANlalzWxyWteJOCsr/P+oPBA49TOLu5FTZO4d3F9MnWJfiMo4BkmA==) seems to be corrupted. Trying again.
npm warn tarball tarball data for vitest@https://registry.npmjs.org/vitest/-/vitest-4.1.10.tgz (sha512-R9jUTe5S4Qb0HCd4TNqpC7oGcrMssMRGXLW80ubjWsW9VH5GF8y1Y0SFLY9AbqSk6nt0PnOx4H4WNJYZ13GUPw==) seems to be corrupted. Trying again.
npm warn tarball tarball data for vite@https://registry.npmjs.org/vite/-/vite-8.1.5.tgz (sha512-7ULLwsCdYx/nRyrpiEwvqb5TFHrMVZyBt+rg/OAXT7rgj/z+DtTDyKFeLAdDkubDVDKD8jOsndmy7m55XcfUsw==) seems to be corrupted. Trying again.
npm warn tarball tarball data for vary@https://registry.npmjs.org/vary/-/vary-1.1.2.tgz (sha512-BNGbWLfd0eUPabhkXUVm0j8uuvREyTh5ovRa/dyow/BqAbZJyC+5fU+IzQOzmAKzYqYRAISoRhdQr3eIZ/PXqg==) seems to be corrupted. Trying again.
npm warn tarball tarball data for validate-npm-package-name@https://registry.npmjs.org/validate-npm-package-name/-/validate-npm-package-name-8.0.0.tgz (sha512-SCv6OOV6Xj2/3cXy3dGmADluJTNcL3o7hZAglNPTe+WYuEuvxgJzxPrSDLZhF+CwyQOubqgecjMmTJGMVLWjYQ==) seems to be corrupted. Trying again.
npm warn tarball tarball data for uri-js@https://registry.npmjs.org/uri-js/-/uri-js-4.4.1.tgz (sha512-7rKUyy33Q1yc98pQ1DAmLtwX109F7TIfWlW1Ydo8Wl1ii1SeHieeh0HHfPeL2fMXK6z0s8ecKs9frCuLJvndBg==) seems to be corrupted. Trying again.
npm warn tarball tarball data for unpipe@https://registry.npmjs.org/unpipe/-/unpipe-1.0.0.tgz (sha512-pjy2bYhSsufwWlKwPc+l3cN7+wuJlK6uz0YdJEOlQDbl6jo/YlPi4mb8agUkVC8BF7V8NuzeyPNqRksA3hztKQ==) seems to be corrupted. Trying again.
npm warn tarball tarball data for update-browserslist-db@https://registry.npmjs.org/update-browserslist-db/-/update-browserslist-db-1.2.3.tgz (sha512-Js0m9cx+qOgDxo0eMiFGEueWztz+d4+M3rGlmKPT+T4IS/jP4ylw3Nwpu6cpTTP8R1MAC1kF4VbdLt3ARf209w==) seems to be corrupted. Trying again.
npm warn tarball tarball data for undici@https://registry.npmjs.org/undici/-/undici-8.10.0.tgz (sha512-HvltHd7avK13QIw/oLe4qoOLyoVSoafqJ2jYOrtMRBkbYT31eiBQ8O0ehRKZiEZCMEyLFQNIADpgCWC5fALvYQ==) seems to be corrupted. Trying again.
npm warn tarball tarball data for universalify@https://registry.npmjs.org/universalify/-/universalify-2.0.1.tgz (sha512-gptHNQghINnc/vTGIk0SOFGFNXw7JVrlRUtConJRlvaw6DuX0wO5Jeko9sWrMBhh+PsYAZ7oXAiOnf/UKogyiw==) seems to be corrupted. Trying again.
npm warn tarball tarball data for typescript-eslint@https://registry.npmjs.org/typescript-eslint/-/typescript-eslint-8.67.0.tgz (sha512-S2udFs8tCKEKffuJ4TB1idGUZiXdCPGi3IPBGWXarbLQ5UPXORV8QEVzJ4gCRduURMb5EkpNCdjbk0eDIuI8Yg==) seems to be corrupted. Trying again.
npm warn tarball tarball data for word-wrap@https://registry.npmjs.org/word-wrap/-/word-wrap-1.2.5.tgz (sha512-BN22B5eaMMI9UMtjrGd5g5eCYPpCPDUy0FJXbYsaT5zYxjFOckS53SQDE3pWkVoWpHXVb3BrYcEN4Twa55B5cA==) seems to be corrupted. Trying again.
npm warn tarball tarball data for type-check@https://registry.npmjs.org/type-check/-/type-check-0.4.0.tgz (sha512-XleUoc9uwGXqjWwXaUTZAmzMcFZ5858QA2vvx1Ur5xIcixXIP+8LnFDgRplU30us6teqdlskFfu+ae4K79Ooew==) seems to be corrupted. Trying again.
npm warn tarball tarball data for type-is@https://registry.npmjs.org/type-is/-/type-is-2.1.0.tgz (sha512-faYHw0anBbc/kWF3zFTEnxSFOAGUX9GFbOBthvDdLsIlEoWOFOtS0zgCiQYwIskL9iGXZL3kAXD8OoZ4GmMATA==) seems to be corrupted. Trying again.
npm warn tarball tarball data for tslib@https://registry.npmjs.org/tslib/-/tslib-2.8.1.tgz (sha512-oJFu94HQb+KVduSUQL7wnpmqnfmLsOA/nAh6b6EH0wCEoK0/mPeXU6c3wKDV83MkOuHPRHtSXKKU99IBazS/2w==) seems to be corrupted. Trying again.
npm warn tarball tarball data for ts-api-utils@https://registry.npmjs.org/ts-api-utils/-/ts-api-utils-2.5.0.tgz (sha512-OJ/ibxhPlqrMM0UiNHJ/0CKQkoKF243/AEmplt3qpRgkW8VG7IfOS41h7V8TjITqdByHzrjcS/2si+y4lIh8NA==) seems to be corrupted. Trying again.
npm warn tarball tarball data for tr46@https://registry.npmjs.org/tr46/-/tr46-6.0.0.tgz (sha512-bLVMLPtstlZ4iMQHpFHTR7GAGj2jxi8Dg0s2h2MafAE4uSWF98FC/3MomU51iQAMf8/qDUbKWf5GxuvvVcXEhw==) seems to be corrupted. Trying again.
npm warn tarball tarball data for uglify-js@https://registry.npmjs.org/uglify-js/-/uglify-js-3.19.3.tgz (sha512-v3Xu+yuwBXisp6QYTcH4UbH+xYJXqnq2m/LtQVWKWzYc1iehYnLixoQDN9FH6/j9/oybfd6W9Ghwkl8+UMKTKQ==) seems to be corrupted. Trying again.
npm warn tarball tarball data for toidentifier@https://registry.npmjs.org/toidentifier/-/toidentifier-1.0.1.tgz (sha512-o5sSPKEkg/DIQNmH43V0/uerLrpzVedkUh8tGNvaeXpfpuwjKenlSox/2O/BTlZUtEe+JG7s5YhEz608PlAHRA==) seems to be corrupted. Trying again.
npm warn tarball tarball data for tldts-core@https://registry.npmjs.org/tldts-core/-/tldts-core-7.4.10.tgz (sha512-KnQjp53ZekKgm/r3l+u8kJGGzYgrWdP8+Mql7a4vijh2WE0IrZWspQj/TpTxDho/YxO+AnOZnIjQcCD+q6iJsw==) seems to be corrupted. Trying again.
npm warn tarball tarball data for tldts@https://registry.npmjs.org/tldts/-/tldts-7.4.10.tgz (sha512-GgouD1B+sWwvkaEq8vXC15DjQitxbvs12oIXELpconwm+Tg3zfcEv4jgzq3vtKverDXsg3VI8aRgNL2Nra0Iog==) seems to be corrupted. Trying again.
npm warn tarball tarball data for tinyrainbow@https://registry.npmjs.org/tinyrainbow/-/tinyrainbow-3.1.1.tgz (sha512-yau8yJdTt989Mm0Bd/236QnzEiPf2xLLTqUZRUJOo/3CB078LSwzei343DgtJVmfJKJE3TMINY1u42SQsP6mXw==) seems to be corrupted. Trying again.
npm warn tarball tarball data for tinyglobby@https://registry.npmjs.org/tinyglobby/-/tinyglobby-0.2.17.tgz (sha512-wXR/dYpcqKmfWpEdZjiKJOwCNFndD0DMnrW/cYjVGttEkBfVgcLFHoNrlj47mjOVic9yyNu65alsgF4NQyTa2g==) seems to be corrupted. Trying again.
npm warn tarball tarball data for tinyexec@https://registry.npmjs.org/tinyexec/-/tinyexec-1.3.0.tgz (sha512-QKAl9m8gWWGHV8jZcPeym6j+XULi6tOf1mT83WYJ4Lk2ytW/uwAWkrP0uFsdoYMdueVJ0qs26wZ+23xeB4ibNQ==) seems to be corrupted. Trying again.
npm warn tarball tarball data for tinybench@https://registry.npmjs.org/tinybench/-/tinybench-2.9.0.tgz (sha512-0+DUvqWMValLmha6lr4kD8iAMK1HzV0/aKnCtWb9v9641TnP/MFb7Pc2bxoxQjTXAErryXVgUOfv2YqNllqGeg==) seems to be corrupted. Trying again.
npm warn tarball tarball data for why-is-node-running@https://registry.npmjs.org/why-is-node-running/-/why-is-node-running-2.3.0.tgz (sha512-hUrmaWBdVDcxvYqnyh09zunKzROWjbZTiNy8dBEjkS7ehEDQibXJ7XvlmtbwuTclUiIyN+CyXQD4Vmko8fNm8w==) seems to be corrupted. Trying again.
npm warn tarball tarball data for symbol-tree@https://registry.npmjs.org/symbol-tree/-/symbol-tree-3.2.4.tgz (sha512-9QNk5KwDF+Bvz+PyObkmSYjI5ksVUYtjW7AU22r2NKcfLJcXp96hkDWU3+XndOsUb+AQ9QhfzfCT2O+CNWT5Tw==) seems to be corrupted. Trying again.
npm warn tarball tarball data for tough-cookie@https://registry.npmjs.org/tough-cookie/-/tough-cookie-6.0.2.tgz (sha512-exgYmnmL/sJpR3upZfXG5PoatXQii55xAiXGXzY+sROLZ/Y+SLcp9PgJNI9Vz37HpQ74WvDcLT8eqm+kV3FzrA==) seems to be corrupted. Trying again.
npm warn tarball tarball data for strip-ansi@https://registry.npmjs.org/strip-ansi/-/strip-ansi-7.2.0.tgz (sha512-yDPMNjp4WyfYBkHnjIRLfca1i6KMyGCtsVgoKe/z1+6vukgaENdgGBZt+ZmKPc4gavvEZ5OgHfHdrazhgNyG7w==) seems to be corrupted. Trying again.
npm warn tarball tarball data for strip-json-comments@https://registry.npmjs.org/strip-json-comments/-/strip-json-comments-3.1.1.tgz (sha512-6fPc+R4ihwqP6N/aIv2f1gMH8lOVtWQHoqC4yK6oSDVVocumAsfCqjkXnqiYMhmMwS/mEHLp7Vehlt3ql6lEig==) seems to be corrupted. Trying again.
npm warn tarball tarball data for string-width@https://registry.npmjs.org/string-width/-/string-width-8.2.2.tgz (sha512-GaPUh5gfdrYzqeVNZvUfT23vYYxXzKYidUcnMtJg/3rxRV63EFZy3k6xfKlmfeJD0176lnUV/Usr3XcwSvFzpg==) seems to be corrupted. Trying again.
npm warn tarball tarball data for stdin-discarder@https://registry.npmjs.org/stdin-discarder/-/stdin-discarder-0.3.2.tgz (sha512-eCPu1qRxPVkl5605OTWF8Wz40b4Mf45NY5LQmVPQ599knfs5QhASUm9GbJ5BDMDOXgrnh0wyEdvzmL//YMlw0A==) seems to be corrupted. Trying again.
npm warn tarball tarball data for std-env@https://registry.npmjs.org/std-env/-/std-env-4.2.0.tgz (sha512-oCUKSupKTHX53EyjDtuZQ64pjLJ6yYCtpmEw0goYxtjG9KpbRe8KAsl2tBUGU9DyMcJ0RwJ8GqJAFzMXcXW1Rw==) seems to be corrupted. Trying again.
npm warn tarball tarball data for statuses@https://registry.npmjs.org/statuses/-/statuses-2.0.2.tgz (sha512-DvEy55V3DB7uknRo+4iOGT5fP1slR8wQohVdknigZPMpMstaKJQWhwiYBACJE3Ul2pTnATihhBYnRhZQHGBiRw==) seems to be corrupted. Trying again.
npm warn tarball tarball data for source-map-support@https://registry.npmjs.org/source-map-support/-/source-map-support-0.5.21.tgz (sha512-uBHU3L3czsIyYXKX88fdrGovxdSCoTGDRZ6SYXtSRxLZUzHg5P/66Ht6uoUlHu9EZod+inXhKo3qQgwXUT/y1w==) seems to be corrupted. Trying again.
npm warn tarball tarball data for source-map-js@https://registry.npmjs.org/source-map-js/-/source-map-js-1.2.1.tgz (sha512-UXWMKhLOwVKb728IUtQPXxfYU+usdybtUrK/8uGE8CQMvrhOpwvzDBwj0QhSL7MQc7vIsISBG8VQ8+IDQxpfQA==) seems to be corrupted. Trying again.
npm warn tarball tarball data for source-map@https://registry.npmjs.org/source-map/-/source-map-0.7.6.tgz (sha512-i5uvt8C3ikiWeNZSVZNWcfZPItFQOsYTUAOkcUPGd8DqDy1uOUikjt5dG+uRlwyvR108Fb9DOd4GvXfT0N2/uQ==) seems to be corrupted. Trying again.
npm warn tarball tarball data for slice-ansi@https://registry.npmjs.org/slice-ansi/-/slice-ansi-8.0.0.tgz (sha512-stxByr12oeeOyY2BlviTNQlYV5xOj47GirPr4yA1hE9JCtxfQN0+tVbkxwCtYDQWhEKWFHsEK48ORg5jrouCAg==) seems to be corrupted. Trying again.
npm warn tarball tarball data for signal-exit@https://registry.npmjs.org/signal-exit/-/signal-exit-4.1.0.tgz (sha512-bzyZ1e88w9O1iNJbKnOlvYTrWPDl46O1bG0D3XInv+9tkPrxrN8jUUTiFlDkkmKWgn1M6CfIA13SuGqOa9Korw==) seems to be corrupted. Trying again.
npm warn tarball tarball data for siginfo@https://registry.npmjs.org/siginfo/-/siginfo-2.0.0.tgz (sha512-ybx0WO1/8bSBLEWXZvEd7gMW3Sn3JFlW3TvX1nREbDLRNQNaeNN8WK0meBwPdAaOI7TtRRRJn/Es1zhrrCHu7g==) seems to be corrupted. Trying again.
npm warn tarball tarball data for side-channel-weakmap@https://registry.npmjs.org/side-channel-weakmap/-/side-channel-weakmap-1.0.2.tgz (sha512-WPS/HvHQTYnHisLo9McqBHOJk2FkHO/tlpvldyrnem4aeQp4hai3gythswg6p01oSoTl58rcpiFAjF2br2Ak2A==) seems to be corrupted. Trying again.
npm warn tarball tarball data for side-channel-list@https://registry.npmjs.org/side-channel-list/-/side-channel-list-1.0.1.tgz (sha512-mjn/0bi/oUURjc5Xl7IaWi/OJJJumuoJFQJfDDyO46+hBWsfaVM65TBHq2eoZBhzl9EchxOijpkbRC8SVBQU0w==) seems to be corrupted. Trying again.
npm warn tarball tarball data for stackback@https://registry.npmjs.org/stackback/-/stackback-0.0.2.tgz (sha512-1XMJE5fQo1jGH6Y/7ebnwPOBEkIEnT4QF32d5R1+VXdXveM0IBMJt8zfaxX1P3QhVwrYe+576+jkANtSS2mBbw==) seems to be corrupted. Trying again.
npm warn tarball tarball data for side-channel-map@https://registry.npmjs.org/side-channel-map/-/side-channel-map-1.0.1.tgz (sha512-VCjCNfgMsby3tTdo02nbjtM/ewra6jPHmpThenkTYh8pG9ucZ/1P8So4u4FGBek/BjpOVsDCMoLA/iuBKIFXRA==) seems to be corrupted. Trying again.
npm warn tarball tarball data for side-channel@https://registry.npmjs.org/side-channel/-/side-channel-1.1.1.tgz (sha512-6x6dK6zJdpTzF4sQeNYxwtvBzf6Eg4GtlesS94HOvTudUeyK2WXAaIfmDgsyslYrRBeFIlsi54AYsFGUuhmvrQ==) seems to be corrupted. Trying again.
npm warn tarball tarball data for shebang-regex@https://registry.npmjs.org/shebang-regex/-/shebang-regex-3.0.0.tgz (sha512-7++dFhtcx3353uBaq8DDR4NuxBetBzC7ZQOhmTQInHEd6bSrXdiEyzCvG07Z44UYdLShWUyXt5M/yhz8ekcb1A==) seems to be corrupted. Trying again.
npm warn tarball tarball data for shebang-command@https://registry.npmjs.org/shebang-command/-/shebang-command-2.0.0.tgz (sha512-kHxr2zZpYtdmrN1qDjrrX/Z1rR1kG8Dx+gkpK1G4eXmvXswmcE1hTWBWYUzlraYw1/yZp6YuDY77YtvbN0dmDA==) seems to be corrupted. Trying again.
npm warn tarball tarball data for setprototypeof@https://registry.npmjs.org/setprototypeof/-/setprototypeof-1.2.0.tgz (sha512-E5LDX7Wrp85Kil5bhZv46j8jOeboKq5JMmYM3gVGdGH8xFpPWXUMsNrlODCrkoxMEeNi/XZIwuRvY4XNwYMJpw==) seems to be corrupted. Trying again.
npm warn tarball tarball data for serve-static@https://registry.npmjs.org/serve-static/-/serve-static-2.2.1.tgz (sha512-xRXBn0pPqQTVQiC8wyQrKs2MOlX24zQ0POGaj0kultvoOCstBQM5yvOhAVSUwOMjQtTvsPWoNCHfPGwaaQJhTw==) seems to be corrupted. Trying again.
npm warn tarball tarball data for send@https://registry.npmjs.org/send/-/send-1.2.1.tgz (sha512-1gnZf7DFcoIcajTjTwjwuDjzuz4PPcY2StKPlsGAQ1+YH20IRVrBaXSWmdjowTJ6u8Rc01PoYOGHXfP1mYcZNQ==) seems to be corrupted. Trying again.
npm warn tarball tarball data for semver@https://registry.npmjs.org/semver/-/semver-7.8.5.tgz (sha512-Y7/KDsb8LjooZpwaqGyulO6DQlksgCncchHGk+sZIY4SBvUocMBEFH5Ur1fI4dV+Jvl0w6cjvucaIi40puRioA==) seems to be corrupted. Trying again.
npm warn tarball tarball data for saxes@https://registry.npmjs.org/saxes/-/saxes-6.0.0.tgz (sha512-xAg7SOnEhrm5zI3puOOKyy1OMcMlIJZYNJY7xLBwSze0UjhPLnWfj2GF2EpT0jmzaJKIWKHLsaSSajf35bcYnA==) seems to be corrupted. Trying again.
npm warn tarball tarball data for sass@https://registry.npmjs.org/sass/-/sass-1.101.0.tgz (sha512-OL3GoQyoUdDt843DpVmDO6y2k1sc5IhUDSpu8XucEI+35neq5QivZ1iuegnpraEVTJXlQGK1gl27zKcTLEPbQw==) seems to be corrupted. Trying again.
npm warn tarball tarball data for rxjs@https://registry.npmjs.org/rxjs/-/rxjs-7.8.2.tgz (sha512-dhKf903U/PQZY6boNNtAGdWbG85WAbjT/1xYoZIC7FAY0yWapOBQVsVrDl58W86//e1VpMNBtRV4MaXfdMySFA==) seems to be corrupted. Trying again.
npm warn tarball tarball data for router@https://registry.npmjs.org/router/-/router-2.2.0.tgz (sha512-nLTrUKm2UyiL7rlhapu/Zl45FwNgkZGaCpZbIHajDYgwlJCOzLSk+cIPAnsEqV955GjILJnKbdQC1nVPz+gAYQ==) seems to be corrupted. Trying again.
npm warn tarball tarball data for rolldown@https://registry.npmjs.org/rolldown/-/rolldown-1.2.0.tgz (sha512-u7tgm5l4Yw1iTqUL4EcYOAt7fFvCgQMLeidrnD4GALlC6aOznCjezYajgxeyKw27u0Q5N7fwgCzjVyPIWzwuBA==) seems to be corrupted. Trying again.
npm warn tarball tarball data for rfdc@https://registry.npmjs.org/rfdc/-/rfdc-1.4.1.tgz (sha512-q1b3N5QkRUWUl7iyylaaj3kOpIT0N2i9MqIEQXP73GVsN9cw3fdx8X63cEmWhJGi2PPCF23Ijp7ktmd39rawIA==) seems to be corrupted. Trying again.
npm warn tarball tarball data for restore-cursor@https://registry.npmjs.org/restore-cursor/-/restore-cursor-5.1.0.tgz (sha512-oMA2dcrw6u0YfxJQXm342bFKX/E4sG9rbTzO9ptUcR/e8A33cHuvStiYOwH7fszkZlZ1z/ta9AAoPk2F4qIOHA==) seems to be corrupted. Trying again.
npm warn tarball tarball data for readdirp@https://registry.npmjs.org/readdirp/-/readdirp-5.0.0.tgz (sha512-9u/XQ1pvrQtYyMpZe7DXKv2p5CNvyVwzUB6uhLAnQwHMSgKMBR62lc7AHljaeteeHXn11XTAaLLUVZYVZyuRBQ==) seems to be corrupted. Trying again.
npm warn tarball tarball data for require-from-string@https://registry.npmjs.org/require-from-string/-/require-from-string-2.0.2.tgz (sha512-Xf0nWe6RseziFMu+Ap9biiUbmplq6S9/p+7w7YXP/JBHhrUDDUhwa+vANyubuqfZWTveU//DYVGsDG7RKL/vEw==) seems to be corrupted. Trying again.
npm warn tarball tarball data for reflect-metadata@https://registry.npmjs.org/reflect-metadata/-/reflect-metadata-0.2.2.tgz (sha512-urBwgfrvVP/eAyXx4hluJivBKzuEbSQs9rKWCrCkbSxNv8mxPcUZKeuoF3Uy4mJl3Lwprp6yy5/39VWigZ4K6Q==) seems to be corrupted. Trying again.
npm warn tarball tarball data for raw-body@https://registry.npmjs.org/raw-body/-/raw-body-3.0.2.tgz (sha512-K5zQjDllxWkf7Z5xJdV0/B0WTNqx6vxG70zJE4N0kBs4LovmEYWJzQGxC9bS9RAKu3bgM40lrd5zoLJ12MQ5BA==) seems to be corrupted. Trying again.
npm warn tarball tarball data for safer-buffer@https://registry.npmjs.org/safer-buffer/-/safer-buffer-2.1.2.tgz (sha512-YZo3K82SD7Riyi0E1EQPojLz7kpepnSQI9IyPbHHg1XXXevb5dJI7tpyN2ADxGcQbHG7vcyRHk0cbwqcQriUtg==) seems to be corrupted. Trying again.
npm warn tarball tarball data for range-parser@https://registry.npmjs.org/range-parser/-/range-parser-1.3.0.tgz (sha512-hek2mFQpPuI4E1BBKrSto+BU3e3x4xuarsbiwr3+lf7p44juvFMV0XFWQAP3xUyqXA4RrXLIoaSUGbSt056ZMw==) seems to be corrupted. Trying again.
npm warn tarball tarball data for qs@https://registry.npmjs.org/qs/-/qs-6.15.3.tgz (sha512-O9gl3zCl5h5blw1KGUzQKhA5oUXSl8rwUIM5o0S3nCXMliSvy5Dzx7/DJcI+SwgICv+IneSZwhBh1oSyEHA71A==) seems to be corrupted. Trying again.
npm warn tarball tarball data for proxy-agent-negotiate@https://registry.npmjs.org/proxy-agent-negotiate/-/proxy-agent-negotiate-1.1.0.tgz (sha512-N8IBcM3UgCVzz2L2Lqv8DVntDnnC8/hiV4nEDUPkqq72TPUgYWjQc+bdZlBPZK9LzPAvOY//gAt0S0DApoOXWQ==) seems to be corrupted. Trying again.
npm warn tarball tarball data for proxy-addr@https://registry.npmjs.org/proxy-addr/-/proxy-addr-2.0.7.tgz (sha512-llQsMLSUDUPT44jdrU/O37qlnifitDP+ZwrmmZcoSKyLKvtZxpyV0n2/bD/N4tBAAZ/gJEdZU7KMraoK1+XYAg==) seems to be corrupted. Trying again.
npm warn tarball tarball data for proc-log@https://registry.npmjs.org/proc-log/-/proc-log-7.0.0.tgz (sha512-FYgfaA69XZ93zaXLoMNQ+ViDXGGBgR8aLh03txzcFhV+9xOXx7+8DLCULrKKpR9+GsH9ZfHm82aSUPpozX0Ztg==) seems to be corrupted. Trying again.
npm warn tarball tarball data for prelude-ls@https://registry.npmjs.org/prelude-ls/-/prelude-ls-1.2.1.tgz (sha512-vkcDPrRZo1QZLbn5RLGPpg/WmIQ65qoWWhcGKf/b5eplkkarX0m9z8ppCat4mlOqUsWpyNuYgO3VRyrYHSzX5g==) seems to be corrupted. Trying again.
npm warn tarball tarball data for prettier@https://registry.npmjs.org/prettier/-/prettier-3.9.6.tgz (sha512-OpN0zzVdiaiAhxpuuj5efpIS4sY9j7bY6uR5mnj5yPzGkdkjNKSJeUThPb60Jw29QuAZgA4o+/iB49kFiaBX6g==) seems to be corrupted. Trying again.
npm warn tarball tarball data for postcss-safe-parser@https://registry.npmjs.org/postcss-safe-parser/-/postcss-safe-parser-7.0.1.tgz (sha512-0AioNCJZ2DPYz5ABT6bddIqlhgwhpHZ/l65YAYo0BCIn0xiDpsnTHz0gnoTGk0OXZW0JRs+cDwL8u/teRdz+8A==) seems to be corrupted. Trying again.
npm warn tarball tarball data for postcss-media-query-parser@https://registry.npmjs.org/postcss-media-query-parser/-/postcss-media-query-parser-0.2.3.tgz (sha512-3sOlxmbKcSHMjlUXQZKQ06jOswE7oVkXPxmZdoB1r5l0q6gTFTQSHxNxOrCccElbW7dxNytifNEo8qidX2Vsig==) seems to be corrupted. Trying again.
npm warn tarball tarball data for postcss@https://registry.npmjs.org/postcss/-/postcss-8.5.25.tgz (sha512-DTPx3RWSSnWyzLxQnlH0rJP+EW5ekl16ZU4/psbIhA0e53kJfdgaN5vKM+xP7yJtXVu+nfdVFmlgFDEKAe4Pyw==) seems to be corrupted. Trying again.
npm warn tarball tarball data for playwright-core@https://registry.npmjs.org/playwright-core/-/playwright-core-1.62.1.tgz (sha512-wPYSwEBJY9GHraISXqyqtx0na0LpO3XEX7jNDhntbex7tzUS7kLnZsOlFruFJB4Hi/rhDMjXGqHewDZ68nYZVw==) seems to be corrupted. Trying again.
npm warn tarball tarball data for playwright@https://registry.npmjs.org/playwright/-/playwright-1.62.1.tgz (sha512-0M+L3LAD8/nm554LOla9Ayx0j0tmFZ0FBcoQ7F1VuVHpM/XpiC8RcDzBQB8W5+hA8L22THxELzeF+2WcUzvcLg==) seems to be corrupted. Trying again.
npm warn tarball tarball data for punycode@https://registry.npmjs.org/punycode/-/punycode-2.3.1.tgz (sha512-vYt7UD1U9Wg6138shLtLOvdAu+8DsC/ilFtEVHcH+wydcSpNE20AfSOduf6MkRFahL5FY7X1oU7nKVZFtfq8Fg==) seems to be corrupted. Trying again.
npm warn tarball tarball data for pkce-challenge@https://registry.npmjs.org/pkce-challenge/-/pkce-challenge-5.0.1.tgz (sha512-wQ0b/W4Fr01qtpHlqSqspcj3EhBvimsdh0KlHhH8HRZnMsEa0ea2fTULOXOS9ccQr3om+GcGRk4e+isrZWV8qQ==) seems to be corrupted. Trying again.
npm warn tarball tarball data for piscina@https://registry.npmjs.org/piscina/-/piscina-5.2.0.tgz (sha512-DszUCKeVN/5G5QKo6jAVHL8fmKnkJvQ0ACiVgY7YGCq3TUB2oznAOayvZPIAdEThvhczkXR+qm3IHsNXpFCYfA==) seems to be corrupted. Trying again.
npm warn tarball tarball data for picomatch@https://registry.npmjs.org/picomatch/-/picomatch-4.0.5.tgz (sha512-RvwwcruNjI1ncT5xRakeyS9Lf8lcItv34KD+aif+VH9kduAyfYBipGh12274xtenIPZ119/R9BdTBa8gAwSh0A==) seems to be corrupted. Trying again.
npm warn tarball tarball data for picocolors@https://registry.npmjs.org/picocolors/-/picocolors-1.1.1.tgz (sha512-xceH2snhtb5M9liqDsmEw56le376mTZkEX/jEb/RxNFyegNul7eNslCXP9FDj/Lcu0X8KEyMceP2ntpaHrDEVA==) seems to be corrupted. Trying again.
npm warn tarball tarball data for pathe@https://registry.npmjs.org/pathe/-/pathe-2.0.3.tgz (sha512-WUjGcAqP1gQacoQe+OBJsFA7Ld4DyXuUIjZ5cc75cLHvJ7dtNsTugphxIADwspS+AraAUePCKrSVtPLFj/F88w==) seems to be corrupted. Trying again.
npm warn tarball tarball data for path-to-regexp@https://registry.npmjs.org/path-to-regexp/-/path-to-regexp-8.4.2.tgz (sha512-qRcuIdP69NPm4qbACK+aDogI5CBDMi1jKe0ry5rSQJz8JVLsC7jV8XpiJjGRLLol3N+R5ihGYcrPLTno6pAdBA==) seems to be corrupted. Trying again.
npm warn tarball tarball data for path-key@https://registry.npmjs.org/path-key/-/path-key-3.1.1.tgz (sha512-ojmeN0qd+y0jszEtoY48r0Peq5dwMEkIlCOu6Q5f41lfkswXuKtYrhgoTpLnyIcHm24Uhqx+5Tqm2InSwLhE6Q==) seems to be corrupted. Trying again.
npm warn tarball tarball data for path-exists@https://registry.npmjs.org/path-exists/-/path-exists-4.0.0.tgz (sha512-ak9Qy5Q7jYb2Wwcey5Fpvg2KoAc/ZIhLSLOSBmRmygPsGwkVVt0fZa0qrtMz+m6tJTAHfZQ8FnmB4MG4LWy7/w==) seems to be corrupted. Trying again.
npm warn tarball tarball data for parseurl@https://registry.npmjs.org/parseurl/-/parseurl-1.3.3.tgz (sha512-CiyeOxFT/JZyN5m0z9PfXw4SCBJ6Sygz1Dpl0wqjlhDEGGBP1GnsUVEL0p63hoG1fcj3fHynXi9NYO4nWOL+qQ==) seems to be corrupted. Trying again.
npm warn tarball tarball data for parse5-sax-parser@https://registry.npmjs.org/parse5-sax-parser/-/parse5-sax-parser-8.0.0.tgz (sha512-/dQ8UzHZwnrzs3EvDj6IkKrD/jIZyTlB+8XrHJvcjNgRdmWruNdN9i9RK/JtxakmlUdPwKubKPTCqvbTgzGhrw==) seems to be corrupted. Trying again.
npm warn tarball tarball data for parse5-html-rewriting-stream@https://registry.npmjs.org/parse5-html-rewriting-stream/-/parse5-html-rewriting-stream-8.0.1.tgz (sha512-NaRku2aMpUN1Sh1Gyk1KWUh2A7EJx2c6qYzvwsPtqhoHoaURshdrceYK3LunVCm3WHhm6FS7Vcczbvdh3/UIVw==) seems to be corrupted. Trying again.
npm warn tarball tarball data for parse5@https://registry.npmjs.org/parse5/-/parse5-8.0.1.tgz (sha512-z1e/HMG90obSGeidlli3hj7cbocou0/wa5HacvI3ASx34PecNjNQeaHNo5WIZpWofN9kgkqV1q5YvXe3F0FoPw==) seems to be corrupted. Trying again.
npm warn tarball tarball data for p-locate@https://registry.npmjs.org/p-locate/-/p-locate-5.0.0.tgz (sha512-LaNjtRWUBY++zB5nE/NwcaoMylSPk+S+ZHNB1TzdbMJMny6dynpAGt7X/tl/QYq3TIeE6nxHppbo2LGymrG5Pw==) seems to be corrupted. Trying again.
npm warn tarball tarball data for p-limit@https://registry.npmjs.org/p-limit/-/p-limit-3.1.0.tgz (sha512-TYOanM3wGwNGsZN2cVTYPArw454xnXj5qmWF1bEoAc4+cU/ol7GVh7odevjp1FNHduHc3KZMcFduxU5Xc6uJRQ==) seems to be corrupted. Trying again.
npm warn tarball tarball data for oxc-parser@https://registry.npmjs.org/oxc-parser/-/oxc-parser-0.142.0.tgz (sha512-kKR+jPiRJYJDexVoziIg/FVGvr1fT1FZSSJOk6tVoMKKSlsf1Cso+cgGCJkOEDWOP174vRntCPFKg+AS7InWvw==) seems to be corrupted. Trying again.
npm warn tarball tarball data for ora@https://registry.npmjs.org/ora/-/ora-9.4.1.tgz (sha512-6VlU9MLXbjVQD04AZCMX28hVtA5bUoadvUqO76MUCVA0ilwJbMiHsITRPfyVm6p/BC0Av/BXMujx39WCe1LEqw==) seems to be corrupted. Trying again.
npm warn tarball tarball data for ordered-binary@https://registry.npmjs.org/ordered-binary/-/ordered-binary-1.6.1.tgz (sha512-QkCdPooczexPLiXIrbVOPYkR3VO3T6v2OyKRkR1Xbhpy7/LAVXwahnRCgRp78Oe/Ehf0C/HATAxfSr6eA1oX+w==) seems to be corrupted. Trying again.
npm warn tarball tarball data for optionator@https://registry.npmjs.org/optionator/-/optionator-0.9.4.tgz (sha512-6IpQ7mKUxRcZNLIObR0hz7lxsapSSIYNZJwXPGeF0mTVqGKFIXj1DQcMoT22S3ROcLyY/rz0PWaWZ9ayWmad9g==) seems to be corrupted. Trying again.
npm warn tarball tarball data for openapi-types@https://registry.npmjs.org/openapi-types/-/openapi-types-12.1.3.tgz (sha512-N4YtSYJqghVu4iek2ZUvcN/0aqH1kRDuNqzcycDxhOUpg7GdvLa2F3DgS6yBNhInhv2r/6I0Flkn7CqL8+nIcw==) seems to be corrupted. Trying again.
npm warn tarball tarball data for onetime@https://registry.npmjs.org/onetime/-/onetime-7.0.0.tgz (sha512-VXJjc87FScF88uafS3JllDgvAm+c/Slfz06lorj2uAY34rlUu0Nt+v8wreiImcrgAjjIHp1rXpTDlLOGw29WwQ==) seems to be corrupted. Trying again.
npm warn tarball tarball data for once@https://registry.npmjs.org/once/-/once-1.4.0.tgz (sha512-lNaJgI+2Q5URQBkccEKHTQOPaXdUxnZZElQTZY0MFUAuaEqe1E+Nyvgdz/aIyNi6Z9MzO5dv1H8n58/GELp3+w==) seems to be corrupted. Trying again.
npm warn tarball tarball data for on-finished@https://registry.npmjs.org/on-finished/-/on-finished-2.4.1.tgz (sha512-oVlzkg3ENAhCk2zdv7IJwd/QUD4z2RxRwpkcGY8psCVcCYZNq4wYnVWALHM+brtuJjePWiYF/ClmuDr8Ch5+kg==) seems to be corrupted. Trying again.
npm warn tarball tarball data for obug@https://registry.npmjs.org/obug/-/obug-2.1.4.tgz (sha512-4a+OsYv9UktOJKE+l1A4OufDgdRF9PifWj+tJnHURo/P+WOxpG4GzUFL9qCalmWauao6ogiG+QvnCovwPoyAWA==) seems to be corrupted. Trying again.
npm warn tarball tarball data for object-assign@https://registry.npmjs.org/object-assign/-/object-assign-4.1.1.tgz (sha512-rJgTQnkUnH1sFw8yT6VSU3zD3sWmu6sZhIseY8VX+GRu3P6F7Fu+JNDoXfklElbLJSnc3FUQHVe4cU5hj+BcUg==) seems to be corrupted. Trying again.
npm warn tarball tarball data for object-inspect@https://registry.npmjs.org/object-inspect/-/object-inspect-1.13.4.tgz (sha512-W67iLl4J2EXEGTbfeHCffrjDfitvLANg0UlX3wFUUSTx92KXRFegMHUVgSqE+wvhAbi4WqjGg9czysTV2Epbew==) seems to be corrupted. Trying again.
npm warn tarball tarball data for otpauth@https://registry.npmjs.org/otpauth/-/otpauth-9.5.1.tgz (sha512-fJmDAHc8wImfqqqOXIlBvT1dEKrZK0Cmb2VEgScpNTolCz0PHh6ExUZGv4sLtOsWNaHCQlD+rRqaPgnoxFoZjQ==) seems to be corrupted. Trying again.
npm warn tarball tarball data for npm-package-arg@https://registry.npmjs.org/npm-package-arg/-/npm-package-arg-14.0.0.tgz (sha512-69XQh3k+dtGa1p+7RaR57IuG3rCko96xr/nUfN4yDYBXbTYICiWcOpsFKLN2GtGE9cyIljE+f1exnaYt9MvM+Q==) seems to be corrupted. Trying again.
npm warn tarball tarball data for node-releases@https://registry.npmjs.org/node-releases/-/node-releases-2.0.51.tgz (sha512-wRNIrw4DmVLKQlbgOMdkMx27Wrpzes2hh5Jtbi2bjPd+4wJstWIqP5A+lscnqbm0xxmT5Bpg8Lec5ItEBwx6BQ==) seems to be corrupted. Trying again.
npm warn tarball tarball data for node-gyp-build-optional-packages@https://registry.npmjs.org/node-gyp-build-optional-packages/-/node-gyp-build-optional-packages-5.2.2.tgz (sha512-s+w+rBWnpTMwSFbaE0UXsRlg7hU4FjekKU4eyAih5T8nJuNZT1nNsskXpxmeqSK9UzkBl6UgRlnKc8hz8IEqOw==) seems to be corrupted. Trying again.
npm warn tarball tarball data for node-addon-api@https://registry.npmjs.org/node-addon-api/-/node-addon-api-6.1.0.tgz (sha512-+eawOlIgy680F0kBzPUNFhMZGtJ1YmqM6l4+Crf4IkImjYrO/mqPwRMh352g23uIaQKFItcQ64I7KMaJxHgAVA==) seems to be corrupted. Trying again.
npm warn tarball tarball data for ng-openapi-gen@https://registry.npmjs.org/ng-openapi-gen/-/ng-openapi-gen-1.0.5.tgz (sha512-wosZ/3maujBVhezNC+bw9PgT3I//hVZzF27CIi4FJc3uq3ibDciEB+GyRZflcLm3AE84kAKrD6cRBIAQVyrnnA==) seems to be corrupted. Trying again.
npm warn tarball tarball data for neo-async@https://registry.npmjs.org/neo-async/-/neo-async-2.6.2.tgz (sha512-Yd3UES5mWCSqR+qNT93S3UoYUkqAZ9lLg8a7g9rimsWmYGK8cVToA4/sF3RrshdyV3sAGMXVUmpMYOw+dLpOuw==) seems to be corrupted. Trying again.
npm warn tarball tarball data for natural-compare@https://registry.npmjs.org/natural-compare/-/natural-compare-1.4.0.tgz (sha512-OWND8ei3VtNC9h7V60qff3SVobHr996CTwgxubgyQYEpg290h9J0buyECNNJexkFm5sOajh5G116RYA1c8ZMSw==) seems to be corrupted. Trying again.
npm warn tarball tarball data for negotiator@https://registry.npmjs.org/negotiator/-/negotiator-1.0.0.tgz (sha512-8Ofs/AUQh8MaEcrlq5xOX0CQ9ypTF5dl78mjlMNfOK08fzpgTHQRQPBxcPlEtIw0yRpws+Zo/3r+5WRby7u3Gg==) seems to be corrupted. Trying again.
npm warn tarball tarball data for nth-check@https://registry.npmjs.org/nth-check/-/nth-check-2.1.1.tgz (sha512-lqjrjmaOoAnWfMmBPL+XNnynZh2+swxiX3WUE0s4yEHI6m+AwrK2UZOimIRl3X/4QctVqS8AiZjFqyOGrMXb/w==) seems to be corrupted. Trying again.
npm warn tarball tarball data for nanoid@https://registry.npmjs.org/nanoid/-/nanoid-3.3.18.tgz (sha512-DTg4MJbGMWkfi6VZFdNt2/caMbQy4Ou+Op/hJQvGEWcnVfoA1QA+xzRKAzw9jD6+GVOOeYr/mIcuDSdug6F6+w==) seems to be corrupted. Trying again.
npm warn tarball tarball data for mute-stream@https://registry.npmjs.org/mute-stream/-/mute-stream-3.0.0.tgz (sha512-dkEJPVvun4FryqBmZ5KhDo0K9iDXAwn08tMLDinNdRBNPcYEDiWYysLcc6k3mjTMlbP9KyylvRpd4wFtwrT9rw==) seems to be corrupted. Trying again.
npm warn tarball tarball data for msgpackr-extract@https://registry.npmjs.org/msgpackr-extract/-/msgpackr-extract-3.0.4.tgz (sha512-4kmO/MdyUIkLIvTPr8VHLil4AtoKIoniWPIEk5+CDy0xnWC84azhSFmuJ7PxZdsYtiP5kEeQsORAVIeMgxT+Hw==) seems to be corrupted. Trying again.
npm warn tarball tarball data for msgpackr@https://registry.npmjs.org/msgpackr/-/msgpackr-1.12.1.tgz (sha512-4EUH9tQHnMmEgzW/MdAP0KIfa1T9AF+htl0ffe2n5vb2EKn9y2co8ccpgWko6S52Jy1PQZKwRnx5/KkYjtd9MQ==) seems to be corrupted. Trying again.
npm warn tarball tarball data for ms@https://registry.npmjs.org/ms/-/ms-2.1.3.tgz (sha512-6FlzubTLZG3J2a/NVCAleEhjzq5oxgHyaCU9yYXvcLsvoVaHJq/s5xXI6/XXP6tz7R9xAOtHnSO/tXtF3WRTlA==) seems to be corrupted. Trying again.
npm warn tarball tarball data for mrmime@https://registry.npmjs.org/mrmime/-/mrmime-2.0.1.tgz (sha512-Y3wQdFg2Va6etvQ5I82yUhGdsKrcYox6p7FfL1LbK2J4V01F9TGlepTIhnK24t7koZibmg82KGglhA1XK5IsLQ==) seems to be corrupted. Trying again.
npm warn tarball tarball data for minimist@https://registry.npmjs.org/minimist/-/minimist-1.2.8.tgz (sha512-2yyAR8qBkN3YuheJanUpWC5U3bb5osDywNB8RzDVlDwDHbocAJveqqj1u8+SVD7jkWT4yvsHCpWqqWqAxb0zCA==) seems to be corrupted. Trying again.
npm warn tarball tarball data for minimatch@https://registry.npmjs.org/minimatch/-/minimatch-10.2.6.tgz (sha512-vpLQEs+VLCr1nU0BXS07maYoFwlDAH0gngQuuttxIwutDFEMHq2blX+8vpgxDdK3J1PwjCJiep77OitTZ4Ll1A==) seems to be corrupted. Trying again.
npm warn tarball tarball data for mimic-function@https://registry.npmjs.org/mimic-function/-/mimic-function-5.0.1.tgz (sha512-VP79XUPxV2CigYP3jWwAUFSku2aKqBH7uTAapFWCBqutsbmDo96KY5o8uh6U+/YSIn5OxJnXp73beVkpqMIGhA==) seems to be corrupted. Trying again.
npm warn tarball tarball data for mime-types@https://registry.npmjs.org/mime-types/-/mime-types-3.0.2.tgz (sha512-Lbgzdk0h4juoQ9fCKXW4by0UJqj+nOOrI9MJ1sSj4nI8aI2eo1qmvQEie4VD1glsS250n15LsWsYtCugiStS5A==) seems to be corrupted. Trying again.
npm warn tarball tarball data for merge-descriptors@https://registry.npmjs.org/merge-descriptors/-/merge-descriptors-2.0.0.tgz (sha512-Snk314V5ayFLhp3fkUREub6WtjBfPdCPY1Ln8/8munuLuiYhsABgBVWsozAG+MWMbVEvcdcpbi9R7ww22l9Q3g==) seems to be corrupted. Trying again.
npm warn tarball tarball data for mime-db@https://registry.npmjs.org/mime-db/-/mime-db-1.54.0.tgz (sha512-aU5EJuIN2WDemCcAp2vFBfp/m4EAhWJnUNSSw0ixs7/kXbd6Pg64EmwJkNdFhB8aWt1sH2CTXrLxo/iAGV3oPQ==) seems to be corrupted. Trying again.
npm warn tarball tarball data for media-typer@https://registry.npmjs.org/media-typer/-/media-typer-1.1.1.tgz (sha512-yz3xRaG20c6/BOzvYoDaGtPmGscs7YivItZEEqe6GbwNfHuxu9YNmvnEkMzKldAGY4/80pRcQRZSEnhquk9XuQ==) seems to be corrupted. Trying again.
npm warn tarball tarball data for mdn-data@https://registry.npmjs.org/mdn-data/-/mdn-data-2.27.1.tgz (sha512-9Yubnt3e8A0OKwxYSXyhLymGW4sCufcLG6VdiDdUGVkPhpqLxlvP5vl1983gQjJl3tqbrM731mjaZaP68AgosQ==) seems to be corrupted. Trying again.
npm warn tarball tarball data for math-intrinsics@https://registry.npmjs.org/math-intrinsics/-/math-intrinsics-1.1.0.tgz (sha512-/IXtbwEk5HTPyEwyKX6hGkYXxM9nbj64B+ilVJnC/R6B0pH5G4V3b0pVbL7DBj4tkhBAppbQUlf6F6Xl9LHu1g==) seems to be corrupted. Trying again.
npm warn tarball tarball data for lru-cache@https://registry.npmjs.org/lru-cache/-/lru-cache-11.5.2.tgz (sha512-4pfM1Ff0x50o0tQwb5ucw/RzNyD0/YJME6IVcStalZuMWxdt3sR3huStTtxz4PUmvZfRguvDejasvQ2kifR11g==) seems to be corrupted. Trying again.
npm warn tarball tarball data for magic-string@https://registry.npmjs.org/magic-string/-/magic-string-1.0.0.tgz (sha512-CGvjzMN08iv6w1mm4/x3Gh1hLb4VnyRUA15FFpl6CsCIGGoe36k7kY5KNz9QDbSBN5I/fWHM6ZlIkUTa5xdUEA==) seems to be corrupted. Trying again.
npm warn tarball tarball data for log-symbols@https://registry.npmjs.org/log-symbols/-/log-symbols-7.0.1.tgz (sha512-ja1E3yCr9i/0hmBVaM0bfwDjnGy8I/s6PP4DFp+yP+a+mrHO4Rm7DtmnqROTUkHIkqffC84YY7AeqX6oFk0WFg==) seems to be corrupted. Trying again.
npm warn tarball tarball data for locate-path@https://registry.npmjs.org/locate-path/-/locate-path-6.0.0.tgz (sha512-iPZK6eYjbxRu3uB4/WZ3EsEIMJFMqAoopl3R+zuq0UjcAm/MO6KCweDgPfP3elTztoKP3KtnVHxTn2NHBSDVUw==) seems to be corrupted. Trying again.
npm warn tarball tarball data for lmdb@https://registry.npmjs.org/lmdb/-/lmdb-3.5.6.tgz (sha512-j3uE8ReKNyUWDjhfEFSJqE/1DLtfTR5Z8yFzVHvBjAk37wNg7HdScjcv8ttPHRvrdgPQMPWxFFI0SsdBzI5lBw==) seems to be corrupted. Trying again.
npm warn tarball tarball data for lightningcss-linux-x64-gnu@https://registry.npmjs.org/lightningcss-linux-x64-gnu/-/lightningcss-linux-x64-gnu-1.33.0.tgz (sha512-ar+Ju7LmcN0Jo4FpL4hpFybwNG9/3A/Br5KW2n2jyODg3MEZXaDYADdemoNS+BDNfMgKvylJLj4S5tyRActuAg==) seems to be corrupted. Trying again.
npm warn tarball tarball data for listr2@https://registry.npmjs.org/listr2/-/listr2-10.2.1.tgz (sha512-7I5knELsJKTUjXG+A6BkKAiGkW1i25fNa/xlUl9hFtk15WbE9jndA89xu5FzQKrY5llajE1hfZZFMILXkDHk/Q==) seems to be corrupted. Trying again.
npm warn tarball tarball data for lightningcss@https://registry.npmjs.org/lightningcss/-/lightningcss-1.33.0.tgz (sha512-WkUDrojuJs0xkgGf2udWxa3yGBRxPtxUkB79i6aCZLRgc7PM8fZe9TosfPDcvEpQZbuFASnHYmRLBLUbmLOIIA==) seems to be corrupted. Trying again.
npm warn tarball tarball data for log-update@https://registry.npmjs.org/log-update/-/log-update-6.1.0.tgz (sha512-9ie8ItPR6tjY5uYJh8K/Zrv/RMZ5VOlOWvtZdEHYSTFKZfIBPQa9tOAEeAWhd+AnIneLJ22w5fjOYtoutpWq5w==) seems to be corrupted. Trying again.
npm warn tarball tarball data for levn@https://registry.npmjs.org/levn/-/levn-0.4.1.tgz (sha512-+bT2uH4E5LGE7h/n3evcS/sQlJXCpIp6ym8OWJ5eV6+67Dsql/LaaT7qJBAt2rzfoa/5QBGBhxDix1dMt2kQKQ==) seems to be corrupted. Trying again.
npm warn tarball tarball data for lodash@https://registry.npmjs.org/lodash/-/lodash-4.18.1.tgz (sha512-dMInicTPVE8d1e5otfwmmjlxkZoUpiVLwyeTdUsi/Caj/gfzzblBcCE5sRHV/AsjuCmxWrte2TNGSYuCeCq+0Q==) seems to be corrupted. Trying again.
npm warn tarball tarball data for keyv@https://registry.npmjs.org/keyv/-/keyv-4.5.4.tgz (sha512-oxVHkHR/EJf2CNXnWxRLW6mg7JyCCUcG0DtEGmL2ctUo1PNTin1PUil+r/+4r5MpVgC/fn1kjsx7mjSujKqIpw==) seems to be corrupted. Trying again.
npm warn tarball tarball data for jsonfile@https://registry.npmjs.org/jsonfile/-/jsonfile-6.2.1.tgz (sha512-zwOTdL3rFQ/lRdBnntKVOX6k5cKJwEc1HdilT71BWEu7J41gXIB2MRp+vxduPSwZJPWBxEzv4yH1wYLJGUHX4Q==) seems to be corrupted. Trying again.
npm warn tarball tarball data for jsonc-parser@https://registry.npmjs.org/jsonc-parser/-/jsonc-parser-3.3.1.tgz (sha512-HUgH65KyejrUFPvHFPbqOY0rsFip3Bo5wb4ngvdi1EpCYWUQDC5V+Y7mZws+DLkr4M//zQJoanu1SP+87Dv1oQ==) seems to be corrupted. Trying again.
npm warn tarball tarball data for json-stable-stringify-without-jsonify@https://registry.npmjs.org/json-stable-stringify-without-jsonify/-/json-stable-stringify-without-jsonify-1.0.1.tgz (sha512-Bdboy+l7tA3OGW6FjyFHWkP5LuByj1Tk33Ljyq0axyzdk9//JSi2u3fP1QSmd1KNwq6VOKYGlAu87CisVir6Pw==) seems to be corrupted. Trying again.
npm warn tarball tarball data for json5@https://registry.npmjs.org/json5/-/json5-2.2.3.tgz (sha512-XmOWe7eyHYH14cLdVPoyg+GOH3rYX++KpzrylJwSW98t3Nk+U8XOl8FWKOgwtzdb8lXGf6zYwDUzeHMWfxasyg==) seems to be corrupted. Trying again.
npm warn tarball tarball data for json-schema-typed@https://registry.npmjs.org/json-schema-typed/-/json-schema-typed-8.0.2.tgz (sha512-fQhoXdcvc3V28x7C7BMs4P5+kNlgUURe2jmUT1T//oBRMDrqy1QPelJimwZGo7Hg9VPV3EQV5Bnq4hbFy2vetA==) seems to be corrupted. Trying again.
npm warn tarball tarball data for json-schema-traverse@https://registry.npmjs.org/json-schema-traverse/-/json-schema-traverse-1.0.0.tgz (sha512-NM8/P9n3XjXhIZn1lLhkFaACTOURQXjWhV4BA/RnOv8xvgqtqpAX9IO4mRQxSx1Rlo4tqzeqb0sOlruaOy3dug==) seems to be corrupted. Trying again.
npm warn tarball tarball data for json-buffer@https://registry.npmjs.org/json-buffer/-/json-buffer-3.0.1.tgz (sha512-4bV5BfR2mqfQTJm+V5tPPdf+ZpuhiIvTuAB5g8kcrXOZpTT/QwwVRWBywX1ozr6lEuPdbHxwaJlm9G6mI2sfSQ==) seems to be corrupted. Trying again.
npm warn tarball tarball data for jsesc@https://registry.npmjs.org/jsesc/-/jsesc-3.1.0.tgz (sha512-/sM3dO2FOzXjKQhJuo0Q173wf2KOo8t4I8vHy6lF9poUp7bKT0/NHE8fPX23PwfhnykfqnC2xRxOnVw5XuGIaA==) seems to be corrupted. Trying again.
npm warn tarball tarball data for jsdom@https://registry.npmjs.org/jsdom/-/jsdom-30.0.1.tgz (sha512-52v7mUVUfNQVYYqE1lcdaymWL0njO7lTLUog6ZvW2U5KsbiLk/GnZlVJ+qx0xfNJZ6Gn+KSpPNE52vurbxZwrA==) seems to be corrupted. Trying again.
npm warn tarball tarball data for js-yaml@https://registry.npmjs.org/js-yaml/-/js-yaml-4.3.1.tgz (sha512-CY6crGq313MX8GkwvB7tzgp99vjQxY1++5y10/BKN/GUfHqWaOGQMNZkBvqSzsZKWk/ijwHlWzzkLulsGHhjWQ==) seems to be corrupted. Trying again.
npm warn tarball tarball data for jose@https://registry.npmjs.org/jose/-/jose-6.2.7.tgz (sha512-hq1OB1bALKfydZNoViyg6hPVGV4i93ny9Op+n4zP5RSf7SCZEXa/TsG2O3IEr7+WlHRTPnpqDmHfMH6qXAD60w==) seems to be corrupted. Trying again.
npm warn tarball tarball data for js-tokens@https://registry.npmjs.org/js-tokens/-/js-tokens-10.0.0.tgz (sha512-lM/UBzQmfJRo9ABXbPWemivdCW8V2G8FHaHdypQaIy523snUjog0W71ayWXTjiR+ixeMyVHN2XcpnTd/liPg/Q==) seems to be corrupted. Trying again.
npm warn tarball tarball data for isexe@https://registry.npmjs.org/isexe/-/isexe-2.0.0.tgz (sha512-RHxMLp9lnKHGHRng9QFhRCMbYAcVpn69smSGcq3f36xjgVVWThj4qqLbTLlq7Ssj8B+fIQ1EuCEGI2lKsyQeIw==) seems to be corrupted. Trying again.
npm warn tarball tarball data for is-promise@https://registry.npmjs.org/is-promise/-/is-promise-4.0.0.tgz (sha512-hvpoI6korhJMnej285dSg6nu1+e6uxs7zG3BYAm5byqDsgJNWwxzM6z6iZiAgQR4TJ30JmBTOwqZUw3WlyH3AQ==) seems to be corrupted. Trying again.
npm warn tarball tarball data for is-unicode-supported@https://registry.npmjs.org/is-unicode-supported/-/is-unicode-supported-2.1.0.tgz (sha512-mE00Gnza5EEB3Ds0HfMyllZzbBrmLOX3vfWoj9A9PEnTfratQ/BcaJOuMhnkhjXvb2+FkY3VuHqtAGpTPmglFQ==) seems to be corrupted. Trying again.
npm warn tarball tarball data for is-potential-custom-element-name@https://registry.npmjs.org/is-potential-custom-element-name/-/is-potential-custom-element-name-1.0.1.tgz (sha512-bCYeRA2rVibKZd+s2625gGnGF/t7DSqDs4dP7CrLA1m7jKWz6pps0LpYLJN8Q64HtmPKJ1hrN3nzPNKFEKOUiQ==) seems to be corrupted. Trying again.
npm warn tarball tarball data for is-interactive@https://registry.npmjs.org/is-interactive/-/is-interactive-2.0.0.tgz (sha512-qP1vozQRI+BMOPcjFzrjXuQvdak2pHNUMZoeG2eRbiSqyvbEf/wQtEOTOX1guk6E3t36RkaqiSt8A/6YElNxLQ==) seems to be corrupted. Trying again.
npm warn tarball tarball data for is-glob@https://registry.npmjs.org/is-glob/-/is-glob-4.0.3.tgz (sha512-xelSayHH36ZgE7ZWhli7pW34hNbNl8Ojv5KVmkJD4hBdD3th8Tfk9vYasLM+mXWOZhFkgZfxhLSnrwRr4elSSg==) seems to be corrupted. Trying again.
npm warn tarball tarball data for is-fullwidth-code-point@https://registry.npmjs.org/is-fullwidth-code-point/-/is-fullwidth-code-point-5.1.0.tgz (sha512-5XHYaSyiqADb4RnZ1Bdad6cPp8Toise4TzEjcOYDHZkTCbKgiUl7WTUCpNWHuxmDt91wnsZBc9xinNzopv3JMQ==) seems to be corrupted. Trying again.
npm warn tarball tarball data for is-extglob@https://registry.npmjs.org/is-extglob/-/is-extglob-2.1.1.tgz (sha512-SbKbANkN603Vi4jEZv49LeVJMn4yGwsbzZworEoyEiutsN3nJYdbO36zfhGJ6QEDpOZIFkDtnq5JRxmvl3jsoQ==) seems to be corrupted. Trying again.
npm warn tarball tarball data for ipaddr.js@https://registry.npmjs.org/ipaddr.js/-/ipaddr.js-1.9.1.tgz (sha512-0KI/607xoxSToH7GjN1FfSbLoU0+btTicjsQSWQlh/hZykN8KpmMf7uYwPW3R+akZ6R/w18ZlXSHBYXiYUPO3g==) seems to be corrupted. Trying again.
npm warn tarball tarball data for inherits@https://registry.npmjs.org/inherits/-/inherits-2.0.4.tgz (sha512-k/vGaX4/Yla3WzyMCvTQOXYeIHvqOKtnqBduzTHpzpQZzAskKMhZ2K+EnBiSM9zGSoIFeMpXKxa4dYeZIQqewQ==) seems to be corrupted. Trying again.
npm warn tarball tarball data for imurmurhash@https://registry.npmjs.org/imurmurhash/-/imurmurhash-0.1.4.tgz (sha512-JmXMZ6wuvDmLiHEml9ykzqO6lwFbof0GG4IkcGaENdCRDDmMVnny7s5HsIgHCbaq0w2MyPhDqkhTUgS2LU2PHA==) seems to be corrupted. Trying again.
npm warn tarball tarball data for import-meta-resolve@https://registry.npmjs.org/import-meta-resolve/-/import-meta-resolve-4.2.0.tgz (sha512-Iqv2fzaTQN28s/FwZAoFq0ZSs/7hMAHJVX+w8PZl3cY19Pxk6jFFalxQoIfW2826i/fDLXv8IiEZRIT0lDuWcg==) seems to be corrupted. Trying again.
npm warn tarball tarball data for immutable@https://registry.npmjs.org/immutable/-/immutable-5.1.9.tgz (sha512-m8nVez3rwrgmWxtLMt1ZYXB2Lv7OKYn/disyxAlSDYAlKSlFoPPfIAmAM/M5xqL4m4C/wAPw7S2/CNaUii1Hxg==) seems to be corrupted. Trying again.
npm warn tarball tarball data for ignore@https://registry.npmjs.org/ignore/-/ignore-7.0.5.tgz (sha512-Hs59xBNfUIunMFgWAbGX5cq6893IbWg4KnrjbYwX3tx0ztorVgTDA6B2sxf8ejHJ4wz8BqGUMYlnzNBer5NvGg==) seems to be corrupted. Trying again.
npm warn tarball tarball data for iconv-lite@https://registry.npmjs.org/iconv-lite/-/iconv-lite-0.7.3.tgz (sha512-IKXpvIzjnC9XTAUbVBcMfGS0EPaIXtW6v+zr+RRp+hqULEpo0owZax6wyRwPOJbWbzjYspQwusTsfVr0ifh4uQ==) seems to be corrupted. Trying again.
npm warn tarball tarball data for https-proxy-agent@https://registry.npmjs.org/https-proxy-agent/-/https-proxy-agent-9.1.0.tgz (sha512-ag87y7cJJ9/3+GxFr8Oy4O5faDsGRGnBGsJj/YjOSsSx/5eadKLYTMPlzuR6obgoCDDm0abAAZitXXQkMOPSpA==) seems to be corrupted. Trying again.
npm warn tarball tarball data for ip-address@https://registry.npmjs.org/ip-address/-/ip-address-10.4.0.tgz (sha512-oSK96Grm3aP6OrS263xVxbNDGVL7rzBtYdpGqlDG8iQdoenDoTs/nkki+DflYbAEE8Xl6o5YxhxlrKvI3nqKXQ==) seems to be corrupted. Trying again.
npm warn tarball tarball data for http-errors@https://registry.npmjs.org/http-errors/-/http-errors-2.0.1.tgz (sha512-4FbRdAX+bSdmo4AUFuS0WNiPz8NgFt+r8ThgNWmlrjQjt1Q7ZR9+zTlce2859x4KSXrwIsaeTqDoKQmtP8pLmQ==) seems to be corrupted. Trying again.
npm warn tarball tarball data for htmlparser2@https://registry.npmjs.org/htmlparser2/-/htmlparser2-10.1.0.tgz (sha512-VTZkM9GWRAtEpveh7MSF6SjjrpNVNNVJfFup7xTY3UpFtm67foy9HDVXneLtFVt4pMz5kZtgNcvCniNFb1hlEQ==) seems to be corrupted. Trying again.
npm warn tarball tarball data for html-encoding-sniffer@https://registry.npmjs.org/html-encoding-sniffer/-/html-encoding-sniffer-6.0.0.tgz (sha512-CV9TW3Y3f8/wT0BRFc1/KAVQ3TUHiXmaAb6VW9vtiMFf7SLoMd1PdAc4W3KFOFETBJUb90KatHqlsZMWV+R9Gg==) seems to be corrupted. Trying again.
npm warn tarball tarball data for hono@https://registry.npmjs.org/hono/-/hono-4.12.34.tgz (sha512-GqXJqY/xJkJmuloTrnV1ZEXG3fqte+VjkUqoRNZXcrUidiUOP4fMSIHHY4tsqZBK++kVyWmt/AAfSUuy57/eSA==) seems to be corrupted. Trying again.
npm warn tarball tarball data for hasown@https://registry.npmjs.org/hasown/-/hasown-2.0.4.tgz (sha512-T2UbfbBEF32wiepXIsMlTW9+dDYC6wMh/t/vYA4tuOMKqWz/n3vr1NFSxQiyP+zk2mXsoMA/i/7qV6LKut1t1A==) seems to be corrupted. Trying again.
npm warn tarball tarball data for hosted-git-info@https://registry.npmjs.org/hosted-git-info/-/hosted-git-info-10.1.1.tgz (sha512-DeOnSPAvOndYKfw075gt8yZzQ7S2hNztw34zBTfhIzLhmBTswIBg5/y+pqu/VD5cYWm5goAFTusDmUEmKZ0PEQ==) seems to be corrupted. Trying again.
npm warn tarball tarball data for has-symbols@https://registry.npmjs.org/has-symbols/-/has-symbols-1.1.0.tgz (sha512-1cDNdwJ2Jaohmb3sg4OmKaMBwuC48sYni5HUw2DvsC8LjGTLK9h+eb1X6RyuOHe4hT0ULCW68iomhjUoKUqlPQ==) seems to be corrupted. Trying again.
npm warn tarball tarball data for handlebars@https://registry.npmjs.org/handlebars/-/handlebars-4.7.9.tgz (sha512-4E71E0rpOaQuJR2A3xDZ+GM1HyWYv1clR58tC8emQNeQe3RH7MAzSbat+V0wG78LQBo6m6bzSG/L4pBuCsgnUQ==) seems to be corrupted. Trying again.
npm warn tarball tarball data for graceful-fs@https://registry.npmjs.org/graceful-fs/-/graceful-fs-4.2.11.tgz (sha512-RbJ5/jmFcNNCcDV5o9eTnBLJ/HszWV0P73bc+Ff4nS/rJj+YaS6IGyiOL0VoBYX+l1Wrl3k63h/KrH+nhJ0XvQ==) seems to be corrupted. Trying again.
npm warn tarball tarball data for gopd@https://registry.npmjs.org/gopd/-/gopd-1.2.0.tgz (sha512-ZUKRh6/kUFoAiTAtTYPZJ3hw9wNxx+BIBOijnlG9PnrJsCcSjs1wyyD6vJpaYtgnzDrKYRSqf3OO6Rfa93xsRg==) seems to be corrupted. Trying again.
npm warn tarball tarball data for glob-parent@https://registry.npmjs.org/glob-parent/-/glob-parent-6.0.2.tgz (sha512-XxwI8EOhVQgWp6iDL+3b0r86f4d6AX6zSU55HfB4ydCEuXLXc5FcYeOu+nnGftS4TEju/11rt4KJPTMgbfmv4A==) seems to be corrupted. Trying again.
npm warn tarball tarball data for get-intrinsic@https://registry.npmjs.org/get-intrinsic/-/get-intrinsic-1.3.0.tgz (sha512-9fSjSaos/fRIVIp+xSJlE6lfwhES7LNtKaCBIamHsjr2na1BiABJPo0mOjjz8GJDURarmCPGqaiVg5mfjb98CQ==) seems to be corrupted. Trying again.
npm warn tarball tarball data for get-proto@https://registry.npmjs.org/get-proto/-/get-proto-1.0.1.tgz (sha512-sTSfBjoXBp89JvIKIefqw7U2CCebsc74kiY6awiGogKtoSGbgjYE/G/+l9sF3MWFPNc9IcoOC4ODfKHfxFmp0g==) seems to be corrupted. Trying again.
npm warn tarball tarball data for get-east-asian-width@https://registry.npmjs.org/get-east-asian-width/-/get-east-asian-width-1.6.0.tgz (sha512-QRbvDIbx6YklUe6RxeTeleMR0yv3cYH6PsPZHcnVn7xv7zO1BHN8r0XETu8n6Ye3Q+ahtSarc3WgtNWmehIBfA==) seems to be corrupted. Trying again.
npm warn tarball tarball data for get-caller-file@https://registry.npmjs.org/get-caller-file/-/get-caller-file-2.0.5.tgz (sha512-DyFP3BM/3YHTQOCUL/w0OZHR0lpKeGrxotcHWcqNEdnltqFwXVfhEBQ94eIo34AfQpo0rGki4cyIiftY06h2Fg==) seems to be corrupted. Trying again.
npm warn tarball tarball data for gensync@https://registry.npmjs.org/gensync/-/gensync-1.0.0-beta.2.tgz (sha512-3hN7NaskYvMDLQY55gnW3NQ+mesEAepTqlg+VEbj7zzqEMBVNhzcGYYeqFo/TlYz6eQiFcp1HcsCZO+nGgS8zg==) seems to be corrupted. Trying again.
npm warn tarball tarball data for function-bind@https://registry.npmjs.org/function-bind/-/function-bind-1.1.2.tgz (sha512-7XHNxH7qX9xG5mIwxkhumTox/MIRNcOgDrxWsMt2pAr23WHp6MrRlN7FBSFpCpr+oVO0F744iUgR82nJMfG2SA==) seems to be corrupted. Trying again.
npm warn tarball tarball data for fresh@https://registry.npmjs.org/fresh/-/fresh-2.0.0.tgz (sha512-Rx/WycZ60HOaqLKAi6cHRKKI7zxWbJ31MhntmtwMoaTeF7XFH9hhBp8vITaMidfljRQ6eYWCKkaTK+ykVJHP2A==) seems to be corrupted. Trying again.
npm warn tarball tarball data for fs-extra@https://registry.npmjs.org/fs-extra/-/fs-extra-11.4.0.tgz (sha512-EQsFzMUJkCKGr1ePqlYADkIUmHW1s3ZXr5Yqy6wbGrfUCphpl2maM/kyOIRA2HpP3AaFQTZXD4ldjek+nccddA==) seems to be corrupted. Trying again.
npm warn tarball tarball data for flatted@https://registry.npmjs.org/flatted/-/flatted-3.4.4.tgz (sha512-5+ybhBZANEJxaH3X5evAFatUxLfEHSr7n6kYJ+1Qd0mUqr4eu9gIf6GDbWHf8RJijHrjjO8G+la14SlL2SeS1Q==) seems to be corrupted. Trying again.
npm warn tarball tarball data for flat-cache@https://registry.npmjs.org/flat-cache/-/flat-cache-4.0.1.tgz (sha512-f7ccFPK3SXFHpx15UIGyRJ/FJQctuKZ0zVuN3frBo4HnK3cay9VEW0R6yPYFHC0AgqhukPzKjq22t5DmAyqGyw==) seems to be corrupted. Trying again.
npm warn tarball tarball data for find-up@https://registry.npmjs.org/find-up/-/find-up-5.0.0.tgz (sha512-78/PXT1wlLLDgTzDs7sjq9hzz0vXD+zn+7wypEe4fXQxCmdmqfGsEPQxmiCSQI3ajFV91bVSsvNtrJRiW6nGng==) seems to be corrupted. Trying again.
npm warn tarball tarball data for forwarded@https://registry.npmjs.org/forwarded/-/forwarded-0.2.0.tgz (sha512-buRG0fpBtRHSTCOASe6hD258tEubFoRLb4ZNA6NxMVHNw2gOcwHo9wyablzMzOA5z9xA9L1KNjk/Nt6MT9aYow==) seems to be corrupted. Trying again.
npm warn tarball tarball data for finalhandler@https://registry.npmjs.org/finalhandler/-/finalhandler-2.1.1.tgz (sha512-S8KoZgRZN+a5rNwqTxlZZePjT/4cnm0ROV70LedRHZ0p8u9fRID0hJUZQpkKLzro8LfmC8sx23bY6tVNxv8pQA==) seems to be corrupted. Trying again.
npm warn tarball tarball data for file-entry-cache@https://registry.npmjs.org/file-entry-cache/-/file-entry-cache-8.0.0.tgz (sha512-XXTUwCvisa5oacNGRP9SfNtYBNAMi+RPwBFmblZEF7N7swHYQS6/Zfk7SRwx4D5j3CH211YNRco1DEMNVfZCnQ==) seems to be corrupted. Trying again.
npm warn tarball tarball data for fdir@https://registry.npmjs.org/fdir/-/fdir-6.5.0.tgz (sha512-tIbYtZbucOs0BRGqPJkshJUYdL+SDH7dVM8gjy+ERp3WAUjLEFJE+02kanyHtwjWOnwrKYBiwAmM0p4kLJAnXg==) seems to be corrupted. Trying again.
npm warn tarball tarball data for fast-wrap-ansi@https://registry.npmjs.org/fast-wrap-ansi/-/fast-wrap-ansi-0.2.2.tgz (sha512-7F2Fl+TjRSenLqlU3UjSH0iyqopqoZIu7eZVpEirP2g1GtWa2G/ecEmBdgz31+Mxr+ELclgg6sokpSFIQiZ02Q==) seems to be corrupted. Trying again.
npm warn tarball tarball data for fast-uri@https://registry.npmjs.org/fast-uri/-/fast-uri-3.1.5.tgz (sha512-gHwA1O9LDIcKunMKhObS/HimwtehO1nPUECKAu5TpKgaO19fcWEl4bliWe1jWxVFvIXztJjjQ4L8XQ1EU9f7Jw==) seems to be corrupted. Trying again.
npm warn tarball tarball data for fast-string-width@https://registry.npmjs.org/fast-string-width/-/fast-string-width-3.0.2.tgz (sha512-gX8LrtNEI5hq8DVUfRQMbr5lpaS4nMIWV+7XEbXk2b8kiQIizgnlr12B4dA3ZEx3308ze0O4Q1R+cHts8kyUJg==) seems to be corrupted. Trying again.
npm warn tarball tarball data for fast-string-truncated-width@https://registry.npmjs.org/fast-string-truncated-width/-/fast-string-truncated-width-3.0.3.tgz (sha512-0jjjIEL6+0jag3l2XWWizO64/aZVtpiGE3t0Zgqxv0DPuxiMjvB3M24fCyhZUO4KomJQPj3LTSUnDP3GpdwC0g==) seems to be corrupted. Trying again.
npm warn tarball tarball data for fast-levenshtein@https://registry.npmjs.org/fast-levenshtein/-/fast-levenshtein-2.0.6.tgz (sha512-DCXu6Ifhqcks7TZKY3Hxp3y6qphY5SJZmrWMDrKcERSOXWQdMhU9Ig/PYrzyw/ul9jOIyh0N4M0tbC5hodg8dw==) seems to be corrupted. Trying again.
npm warn tarball tarball data for fast-json-stable-stringify@https://registry.npmjs.org/fast-json-stable-stringify/-/fast-json-stable-stringify-2.1.0.tgz (sha512-lhd/wF+Lk98HZoTCtlVraHtfh5XYijIjalXck7saUtuanSDyLMxnHhSXEDJqHxD7msR8D0uCmqlkwjCV8xvwHw==) seems to be corrupted. Trying again.
npm warn tarball tarball data for fast-deep-equal@https://registry.npmjs.org/fast-deep-equal/-/fast-deep-equal-3.1.3.tgz (sha512-f3qQ9oQy9j2AhBe/H9VC91wLmKBCCU/gDOnKNAYG5hswO7BLKj09Hc5HYNz9cGI++xlpDCIgDaitVs03ATR84Q==) seems to be corrupted. Trying again.
npm warn tarball tarball data for express-rate-limit@https://registry.npmjs.org/express-rate-limit/-/express-rate-limit-8.6.1.tgz (sha512-0D493aP61w0TJ2A0wy27riRsO7FMQ7FK+KUHOKCSfPvYo0R55aiC6emCVgFUeShH0fq0ICPVzNcgoS+BsbXQCA==) seems to be corrupted. Trying again.
npm warn tarball tarball data for express@https://registry.npmjs.org/express/-/express-5.2.1.tgz (sha512-hIS4idWWai69NezIdRt2xFVofaF4j+6INOpJlVOLDO8zXGpUVEVzIYk12UUi2JzjEzWL3IOAxcTubgz9Po0yXw==) seems to be corrupted. Trying again.
npm warn tarball tarball data for expect-type@https://registry.npmjs.org/expect-type/-/expect-type-1.4.0.tgz (sha512-KfYbmpRm0VbLjEvVa9yGwCi9GI34xvi7A/HXYWQO65CSD2u3MczUJSuwXKFIxlGsgBQizV9q5J9NHj4VG0n+pA==) seems to be corrupted. Trying again.
npm warn tarball tarball data for eventsource-parser@https://registry.npmjs.org/eventsource-parser/-/eventsource-parser-3.1.0.tgz (sha512-kJezFj9YFAMLeORyi7aCLxLbD5/qWMQnoMVlVPyHIll7lgRJCc3JVln9Vgl9nwQi0YkMnhdGTMNn7CkRRAptMg==) seems to be corrupted. Trying again.
npm warn tarball tarball data for eventsource@https://registry.npmjs.org/eventsource/-/eventsource-3.0.7.tgz (sha512-CRT1WTyuQoD771GW56XEZFQ/ZoSfWid1alKGDYMmkt2yl8UXrVR4pspqWNEcqKvVIzg6PAltWjxcSSPrboA4iA==) seems to be corrupted. Trying again.
npm warn tarball tarball data for etag@https://registry.npmjs.org/etag/-/etag-1.8.1.tgz (sha512-aIL5Fx7mawVa300al2BnEE4iNvo1qETxLrPI/o05L7z6go7fCw1J6EQmbK4FmJ2AS7kgVF/KEZWufBfdClMcPg==) seems to be corrupted. Trying again.
npm warn tarball tarball data for eventemitter3@https://registry.npmjs.org/eventemitter3/-/eventemitter3-5.0.4.tgz (sha512-mlsTRyGaPBjPedk6Bvw+aqbsXDtoAyAzm5MO7JgU+yVRyMQ5O8bD4Kcci7BS85f93veegeCPkL8R4GLClnjLFw==) seems to be corrupted. Trying again.
npm warn tarball tarball data for esutils@https://registry.npmjs.org/esutils/-/esutils-2.0.3.tgz (sha512-kVscqXk4OCp68SZ0dkgEKVi6/8ij300KBWTJq32P/dYeWTSwK41WyTxalN1eRmA5Z9UU/LX9D7FWSmV9SAYx6g==) seems to be corrupted. Trying again.
npm warn tarball tarball data for estree-walker@https://registry.npmjs.org/estree-walker/-/estree-walker-3.0.3.tgz (sha512-7RUKfXgSMMkzt6ZuXmqapOurLGPPfgj6l9uRZ7lRGolvk0y2yocc35LdcxKC5PQZdn2DMqioAQ2NoWcrTKmm6g==) seems to be corrupted. Trying again.
npm warn tarball tarball data for estraverse@https://registry.npmjs.org/estraverse/-/estraverse-5.3.0.tgz (sha512-MMdARuVEQziNTeJD8DgMqmhwR11BRQ/cBP+pLtYdSTnf3MIO8fFeiINEbX36ZdNlfU/7A9f3gUw49B3oQsvwBA==) seems to be corrupted. Trying again.
npm warn tarball tarball data for esrecurse@https://registry.npmjs.org/esrecurse/-/esrecurse-4.3.0.tgz (sha512-KmfKL3b6G+RXvP8N1vr3Tq1kL/oCFgn2NYXEtqP8/L3pKapUA4G8cFVaoF3SU323CD4XypR/ffioHmkti6/Tag==) seems to be corrupted. Trying again.
npm warn tarball tarball data for esquery@https://registry.npmjs.org/esquery/-/esquery-1.7.0.tgz (sha512-Ap6G0WQwcU/LHsvLwON1fAQX9Zp0A2Y6Y/cJBl9r/JbW90Zyg4/zbG6zzKa2OTALELarYHmKu0GhpM5EO+7T0g==) seems to be corrupted. Trying again.
npm warn tarball tarball data for espree@https://registry.npmjs.org/espree/-/espree-11.2.0.tgz (sha512-7p3DrVEIopW1B1avAGLuCSh1jubc01H2JHc8B4qqGblmg5gI9yumBgACjWo4JlIc04ufug4xJ3SQI8HkS/Rgzw==) seems to be corrupted. Trying again.
npm warn tarball tarball data for eslint-visitor-keys@https://registry.npmjs.org/eslint-visitor-keys/-/eslint-visitor-keys-3.4.3.tgz (sha512-wpc+LXeiyiisxPlEkUzU6svyS1frIO3Mgxj1fdy7Pm8Ygzguax2N3Fa/D/ag1WqbOprdI+uY6wMUl8/a2G+iag==) seems to be corrupted. Trying again.
npm warn tarball tarball data for eslint-scope@https://registry.npmjs.org/eslint-scope/-/eslint-scope-9.1.2.tgz (sha512-xS90H51cKw0jltxmvmHy2Iai1LIqrfbw57b79w/J7MfvDfkIkFZ+kj6zC3BjtUwh150HsSSdxXZcsuv72miDFQ==) seems to be corrupted. Trying again.
npm warn tarball tarball data for escape-string-regexp@https://registry.npmjs.org/escape-string-regexp/-/escape-string-regexp-4.0.0.tgz (sha512-TtpcNJ3XAzx3Gq8sWRzJaVajRs0uVxA2YAkdb1jm2YkPz4G6egUFAyA3n5vtEIZefPk5Wa4UXbKuS5fKkJWdgA==) seems to be corrupted. Trying again.
npm warn tarball tarball data for eslint@https://registry.npmjs.org/eslint/-/eslint-10.8.1.tgz (sha512-wqA7W2jbsC/BnV9Iv1UZpKVFkO1AdNoSmYW8NWG4HNOBbkAMvIqDZ27pI2f07dqn583NcIC44ckjAcOXDL1QbQ==) seems to be corrupted. Trying again.
npm warn tarball tarball data for escape-html@https://registry.npmjs.org/escape-html/-/escape-html-1.0.3.tgz (sha512-NiSupZ4OeuGwr68lGIeym/ksIZMJodUGOSCZ/FSnTxcrekbvqrgdUxlJOMpijaKZVjAJrWrGs/6Jy8OMuyj9ow==) seems to be corrupted. Trying again.
npm warn tarball tarball data for escalade@https://registry.npmjs.org/escalade/-/escalade-3.2.0.tgz (sha512-WUj2qlxaQtO4g6Pq5c29GTcWGDyd8itL8zTlipgECz3JesAiiOKotd8JU6otB3PACgG6xkJUyVhboMS+bje/jA==) seems to be corrupted. Trying again.
npm warn tarball tarball data for es-object-atoms@https://registry.npmjs.org/es-object-atoms/-/es-object-atoms-1.1.2.tgz (sha512-HWcBoN6NileqtSydK2FqHbS/LoDd2pqrnQHLyJzBj4kOp/ky2MWMN694xOfkK8/SnUsW2DH7EfyVlydKCsm1Zw==) seems to be corrupted. Trying again.
npm warn tarball tarball data for es-module-lexer@https://registry.npmjs.org/es-module-lexer/-/es-module-lexer-2.3.1.tgz (sha512-shc1dbU90Yl/xq1QrC7QRtfcwURZuVRfPhZbDoldJ1cn1gzDvBaBWlv0eFolj5+0znnPJz5TXLxsN77X/12KTA==) seems to be corrupted. Trying again.
npm warn tarball tarball data for es-errors@https://registry.npmjs.org/es-errors/-/es-errors-1.3.0.tgz (sha512-Zf5H2Kxt2xjTvbJvP2ZWLEICxA6j+hAmMzIlypy4xcBg1vKVnx89Wy0GbS+kf5cwCVFFzdCFh2XSCFNULS6csw==) seems to be corrupted. Trying again.
npm warn tarball tarball data for eol@https://registry.npmjs.org/eol/-/eol-0.10.0.tgz (sha512-+w3ktYrOphcIqC1XKmhQYvM+o2uxgQFiimL7B6JPZJlWVxf7Lno9e/JWLPIgbHo7DoZ+b7jsf/NzrUcNe6ZTZQ==) seems to be corrupted. Trying again.
npm warn tarball tarball data for es-define-property@https://registry.npmjs.org/es-define-property/-/es-define-property-1.0.1.tgz (sha512-e3nRfgfUZ4rNGL232gUgX06QNyyez04KdjFrF+LTRoOXmrOgFKDg4BCdsjW8EnT69eqdYGmRpJwiPVYNrCaW3g==) seems to be corrupted. Trying again.
npm warn tarball tarball data for environment@https://registry.npmjs.org/environment/-/environment-1.1.0.tgz (sha512-xUtoPkMggbz0MPyPiIWr1Kp4aeWJjDZ6SMvURhimjdZgsRuDplF5/s9hcgGhyXMhs+6vpnuoiZ2kFiu3FMnS8Q==) seems to be corrupted. Trying again.
npm warn tarball tarball data for esbuild@https://registry.npmjs.org/esbuild/-/esbuild-0.28.1.tgz (sha512-HrJrvZv5ayxBzPfwphOoNzkzOIIlifzk0KJrGK2c8R4+LKpMtpYLQeUdjnwjWv/LZlkH2laZk+4w78pi99D4Vw==) seems to be corrupted. Trying again.
npm warn tarball tarball data for entities@https://registry.npmjs.org/entities/-/entities-4.5.0.tgz (sha512-V0hjH4dGPh9Ao5p0MoRY6BVqtwCjhz6vI5LT8AJ55H+4g9/4vbHx1I54fS0XuclLhDHArPQCiMjDxjaL8fPxhw==) seems to be corrupted. Trying again.
npm warn tarball tarball data for encodeurl@https://registry.npmjs.org/encodeurl/-/encodeurl-2.0.0.tgz (sha512-Q0n9HRi4m6JuGIV1eFlmvJB7ZEVxu93IrMyiMsGC0lrMJMWzRgx6WGquyfQgZVb31vhGgXnfmPNNXmxnOkRBrg==) seems to be corrupted. Trying again.
npm warn tarball tarball data for emoji-regex@https://registry.npmjs.org/emoji-regex/-/emoji-regex-10.6.0.tgz (sha512-toUI84YS5YmxW219erniWD0CIVOo46xGKColeNQRgOzDorgBi1v4D71/OFzgD9GO2UGKIv1C3Sp8DAn0+j5w7A==) seems to be corrupted. Trying again.
npm warn tarball tarball data for electron-to-chromium@https://registry.npmjs.org/electron-to-chromium/-/electron-to-chromium-1.5.399.tgz (sha512-lEcqhErbHjXRvd41rnWLpzbyU/IXfIYo7QwaFWmxGeLiLyY2TBCdHnWY88vB+p3ubnihRypDm66panXl7TylLA==) seems to be corrupted. Trying again.
npm warn tarball tarball data for ee-first@https://registry.npmjs.org/ee-first/-/ee-first-1.1.1.tgz (sha512-WMwm9LhRUo+WUaRN+vRuETqG89IgZphVSNkdFgeb6sS/E4OrDIN7t48CAewSHXc6C8lefD8KKfr5vY61brQlow==) seems to be corrupted. Trying again.
npm warn tarball tarball data for empathic@https://registry.npmjs.org/empathic/-/empathic-2.0.1.tgz (sha512-YGRs8knHhKHVShLkFET/rWAU8kmHbOV5LwN938RHI0pljAJ1Gf6SzXsSmRaEzcXTtOOmVqJ5+WtQPL5uigY50Q==) seems to be corrupted. Trying again.
npm warn tarball tarball data for dunder-proto@https://registry.npmjs.org/dunder-proto/-/dunder-proto-1.0.1.tgz (sha512-KIN/nDJBQRcXw0MLVhZE9iQHmG68qAVIBg9CqmUYjmQIhgij9U5MFvrqkUL5FbtyyzZuOeOt0zdeRe4UY7ct+A==) seems to be corrupted. Trying again.
npm warn tarball tarball data for domutils@https://registry.npmjs.org/domutils/-/domutils-3.2.2.tgz (sha512-6kZKyUajlDuqlHKVX1w7gyslj9MPIXzIFiz/rGu35uC1wMi+kMhQwGhl4lt9unC9Vb9INnY9Z3/ZA3+FhASLaw==) seems to be corrupted. Trying again.
npm warn tarball tarball data for domhandler@https://registry.npmjs.org/domhandler/-/domhandler-5.0.3.tgz (sha512-cgwlv/1iFQiFnU96XXgROh8xTeetsnJiDsTc7TYCLFd9+/WNkIqPTxiM/8pSd8VIrhXGTf1Ny1q1hquVqDJB5w==) seems to be corrupted. Trying again.
npm warn tarball tarball data for domelementtype@https://registry.npmjs.org/domelementtype/-/domelementtype-2.3.0.tgz (sha512-OLETBj6w0OsagBwdXnPdN0cnMfF9opN69co+7ZrbfPGrdpPVNBUj02spi6B1N7wChLQiPn4CSH/zJvXw56gmHw==) seems to be corrupted. Trying again.
npm warn tarball tarball data for dom-serializer@https://registry.npmjs.org/dom-serializer/-/dom-serializer-2.0.0.tgz (sha512-wIkAryiqt/nV5EQKqQpo3SToSOV9J0DnbJqwK7Wv/Trc92zIAYZ4FlMu+JPFW1DfGFt81ZTCGgDEabffXeLyJg==) seems to be corrupted. Trying again.
npm warn tarball tarball data for detect-libc@https://registry.npmjs.org/detect-libc/-/detect-libc-2.1.2.tgz (sha512-Btj2BOOO83o3WyH59e8MgXsxEQVcarkUOpEYrubB0urwnN10yQ364rsiByU11nZlqWYZm05i/of7io4mzihBtQ==) seems to be corrupted. Trying again.
npm warn tarball tarball data for deep-is@https://registry.npmjs.org/deep-is/-/deep-is-0.1.4.tgz (sha512-oIPzksmTg4/MriiaYGO+okXDT7ztn/w3Eptv/+gSIdMdKsJo0u4CfYNFJPy+4SKMuCqGw2wxnA+URMg3t8a/bQ==) seems to be corrupted. Trying again.
npm warn tarball tarball data for depd@https://registry.npmjs.org/depd/-/depd-2.0.0.tgz (sha512-g7nH6P6dyDioJogAAGprGpCtVImJhpPk/roCzdb3fIh61/s/nPsfR6onyMwkCAR/OlC3yBC0lESvUoQEAssIrw==) seems to be corrupted. Trying again.
npm warn tarball tarball data for decimal.js@https://registry.npmjs.org/decimal.js/-/decimal.js-10.6.0.tgz (sha512-YpgQiITW3JXGntzdUmyUR1V812Hn8T1YVXhCu+wO3OpS4eU9l4YdD3qjyiKdV6mvV29zapkMeD390UVEf2lkUg==) seems to be corrupted. Trying again.
npm warn tarball tarball data for debug@https://registry.npmjs.org/debug/-/debug-4.4.3.tgz (sha512-RGwwWnwQvkVfavKVt22FGLw+xYSdzARwm0ru6DhTVA3umU5hZc28V3kO4stgYryrTlLpuvgI9GiijltAjNbcqA==) seems to be corrupted. Trying again.
npm warn tarball tarball data for data-urls@https://registry.npmjs.org/data-urls/-/data-urls-7.0.0.tgz (sha512-23XHcCF+coGYevirZceTVD7NdJOqVn+49IHyxgszm+JIiHLoB2TkmPtsYkNWT1pvRSGkc35L6NHs0yHkN2SumA==) seems to be corrupted. Trying again.
npm warn tarball tarball data for css-what@https://registry.npmjs.org/css-what/-/css-what-7.0.0.tgz (sha512-wD5oz5xibMOPHzy13CyGmogB3phdvcDaB5t0W/Nr5Z2O/agcB8YwOz6e2Lsp10pNDzBoDO9nVa3RGs/2BttpHQ==) seems to be corrupted. Trying again.
npm warn tarball tarball data for css-tree@https://registry.npmjs.org/css-tree/-/css-tree-3.2.1.tgz (sha512-X7sjQzceUhu1u7Y/ylrRZFU2FS6LRiFVp6rKLPg23y3x3c3DOKAwuXGDp+PAGjh6CSnCjYeAul8pcT8bAl+lSA==) seems to be corrupted. Trying again.
npm warn tarball tarball data for typescript@https://registry.npmjs.org/typescript/-/typescript-6.0.3.tgz (sha512-y2TvuxSZPDyQakkFRPZHKFm+KKVqIisdg9/CZwm9ftvKXLP8NRWj38/ODjNbr43SsoXqNuAisEf1GdCxqWcdBw==) seems to be corrupted. Trying again.
npm warn tarball tarball data for css-select@https://registry.npmjs.org/css-select/-/css-select-6.0.0.tgz (sha512-rZZVSLle8v0+EY8QAkDWrKhpgt6SA5OtHsgBnsj6ZaLb5dmDVOWUDtQitd9ydxxvEjhewNudS6eTVU7uOyzvXw==) seems to be corrupted. Trying again.
npm warn tarball tarball data for cross-spawn@https://registry.npmjs.org/cross-spawn/-/cross-spawn-7.0.6.tgz (sha512-uV2QOWP2nWzsy2aMp8aRibhi9dlzF5Hgh5SHaB9OiTGEyDTiJJyx0uy51QXdyWbtAHNua4XJzUKca3OzKUd3vA==) seems to be corrupted. Trying again.
npm warn tarball tarball data for cors@https://registry.npmjs.org/cors/-/cors-2.8.6.tgz (sha512-tJtZBBHA6vjIAaF6EnIaq6laBBP9aq/Y3ouVJjEfoHbRBcHBAHYcMh/w8LDrk2PvIMMq8gmopa5D4V8RmbrxGw==) seems to be corrupted. Trying again.
npm warn tarball tarball data for cookie-signature@https://registry.npmjs.org/cookie-signature/-/cookie-signature-1.2.2.tgz (sha512-D76uU73ulSXrD1UXF4KE2TMxVVwhsnCgfAyTg9k8P6KGZjlXKrOLe4dJQKI3Bxi5wjesZoFXJWElNWBjPZMbhg==) seems to be corrupted. Trying again.
npm warn tarball tarball data for cookie@https://registry.npmjs.org/cookie/-/cookie-0.7.2.tgz (sha512-yki5XnKuf750l50uGTllt6kKILY4nQ1eNIQatoXEByZ5dWgnKqbnqmTrBE5B4N7lrMJKQ2ytWMiTO2o0v6Ew/w==) seems to be corrupted. Trying again.
npm warn tarball tarball data for convert-source-map@https://registry.npmjs.org/convert-source-map/-/convert-source-map-1.9.0.tgz (sha512-ASFBup0Mz1uyiIjANan1jzLQami9z1PoYSZCiiYW2FczPbenXc45FZdBZLzOT+r6+iciuEModtmCti+hjaAk0A==) seems to be corrupted. Trying again.
npm warn tarball tarball data for content-type@https://registry.npmjs.org/content-type/-/content-type-1.0.5.tgz (sha512-nTjqfcBFEipKdXCv4YDQWCfmcLZKm81ldF0pAopTvyrFGVbcR6P/VAAd5G7N+0tTr8QqiU0tFadD6FK4NtJwOA==) seems to be corrupted. Trying again.
npm warn tarball tarball data for content-disposition@https://registry.npmjs.org/content-disposition/-/content-disposition-1.1.0.tgz (sha512-5jRCH9Z/+DRP7rkvY83B+yGIGX96OYdJmzngqnw2SBSxqCFPd0w2km3s5iawpGX8krnwSGmF0FW5Nhr0Hfai3g==) seems to be corrupted. Trying again.
npm warn tarball tarball data for cliui@https://registry.npmjs.org/cliui/-/cliui-9.0.1.tgz (sha512-k7ndgKhwoQveBL+/1tqGJYNz097I7WOvwbmmU2AR5+magtbjPWQTS1C5vzGkBC8Ym8UWRzfKUzUUqFLypY4Q+w==) seems to be corrupted. Trying again.
npm warn tarball tarball data for cli-width@https://registry.npmjs.org/cli-width/-/cli-width-4.1.0.tgz (sha512-ouuZd4/dm2Sw5Gmqy6bGyNNNe1qt9RpmxveLSO7KcgsTnU7RXfsw+/bukWGo1abgBiMAic068rclZsO4IWmmxQ==) seems to be corrupted. Trying again.
npm warn tarball tarball data for cli-truncate@https://registry.npmjs.org/cli-truncate/-/cli-truncate-5.2.0.tgz (sha512-xRwvIOMGrfOAnM1JYtqQImuaNtDEv9v6oIYAs4LIHwTiKee8uwvIi363igssOC0O5U04i4AlENs79LQLu9tEMw==) seems to be corrupted. Trying again.
npm warn tarball tarball data for cli-spinners@https://registry.npmjs.org/cli-spinners/-/cli-spinners-3.4.0.tgz (sha512-bXfOC4QcT1tKXGorxL3wbJm6XJPDqEnij2gQ2m7ESQuE+/z9YFIWnl/5RpTiKWbMq3EVKR4fRLJGn6DVfu0mpw==) seems to be corrupted. Trying again.
npm warn tarball tarball data for cli-cursor@https://registry.npmjs.org/cli-cursor/-/cli-cursor-5.0.0.tgz (sha512-aCj4O5wKyszjMmDT4tZj93kxyydN/K5zPWSCe6/0AV/AA1pqe5ZBIw0a2ZfPQV7lL5/yb5HsUreJ6UFAF1tEQw==) seems to be corrupted. Trying again.
npm warn tarball tarball data for chalk@https://registry.npmjs.org/chalk/-/chalk-5.6.2.tgz (sha512-7NzBL0rN6fMUW+f7A6Io4h40qQlG+xGmtMxfbnH/K7TAtt8JQWVQK+6g0UXKMeVJoyV5EkkNsErQ8pVD3bLHbA==) seems to be corrupted. Trying again.
npm warn tarball tarball data for chokidar@https://registry.npmjs.org/chokidar/-/chokidar-5.0.0.tgz (sha512-TQMmc3w+5AxjpL8iIiwebF73dRDF4fBIieAqGn9RGCWaEVwQ6Fb2cGe31Yns0RRIzii5goJ1Y7xbMwo1TxMplw==) seems to be corrupted. Trying again.
npm warn tarball tarball data for chardet@https://registry.npmjs.org/chardet/-/chardet-2.2.0.tgz (sha512-rddelWYNPRrXq6PtNEN2S3f6t9ILzvqaN5pVgi4kqt9jHQaXIial9PznB5iSPVlQSLNaaH22ItWz3EJtQ10+OA==) seems to be corrupted. Trying again.
npm warn tarball tarball data for caniuse-lite@https://registry.npmjs.org/caniuse-lite/-/caniuse-lite-1.0.30001806.tgz (sha512-72Cuvd95zbSYPKq6Fhg8eDJRlzgWDf7/mtoZv6Qe/DYNCEBdNxoA3+rZAU2ZhGCpZlns3EssFavaZomckT5Uuw==) seems to be corrupted. Trying again.
npm warn tarball tarball data for chai@https://registry.npmjs.org/chai/-/chai-6.2.2.tgz (sha512-NUPRluOfOiTKBKvWPtSD4PhFvWCqOi0BGStNWs57X9js7XGTprSmFoz5F0tWhR4WPjNeR9jXqdC7/UpSJTnlRg==) seems to be corrupted. Trying again.
npm warn tarball tarball data for call-bound@https://registry.npmjs.org/call-bound/-/call-bound-1.0.4.tgz (sha512-+ys997U96po4Kx/ABpBCqhA9EuxJaQWDQg7295H4hBphv3IZg0boBKuwYpt4YXp6MZ5AmZQnU/tyMTlRpaSejg==) seems to be corrupted. Trying again.
npm warn tarball tarball data for call-bind-apply-helpers@https://registry.npmjs.org/call-bind-apply-helpers/-/call-bind-apply-helpers-1.0.2.tgz (sha512-Sp1ablJ0ivDkSzjcaJdxEunN5/XvksFJ2sMBFfq6x0ryhQV/2b/KwFe21cMpmHtPOSij8K99/wSfoEuTObmuMQ==) seems to be corrupted. Trying again.
npm warn tarball tarball data for bytes@https://registry.npmjs.org/bytes/-/bytes-3.1.2.tgz (sha512-/Nf7TyzTx6S3yRJObOAV7956r8cr2+Oj8AC5dt8wSP3BQAoeX58NoHyCU8P8zGkNXStjTSi6fzO6F0pBdcYbEg==) seems to be corrupted. Trying again.
npm warn tarball tarball data for buffer-from@https://registry.npmjs.org/buffer-from/-/buffer-from-1.1.2.tgz (sha512-E+XQCRwSbaaiChtv6k6Dwgc+bx+Bs6vuKJHHl5kox/BaKbhiXzqQOwK4cO22yElGp2OCmjwVhT3HmxgyPGnJfQ==) seems to be corrupted. Trying again.
npm warn tarball tarball data for browserslist@https://registry.npmjs.org/browserslist/-/browserslist-4.28.7.tgz (sha512-JxV13hNrFxqjOc8alRbq9dK1MM79NEXYpma2B2J4wAtpWS5zIEIKqWPGCl7N4o7Uc7B7itylh7SuDujATRyyTw==) seems to be corrupted. Trying again.
npm warn tarball tarball data for brace-expansion@https://registry.npmjs.org/brace-expansion/-/brace-expansion-5.0.9.tgz (sha512-ScQ4IuvIEF1TMlP7Zt+vjJ//9zlPb2SDcxWxM3bk8s6t6GGdJ7KO1dCcTidOPJKePW30LE/2cT7wCyPho9/Wxg==) seems to be corrupted. Trying again.
npm warn tarball tarball data for boolbase@https://registry.npmjs.org/boolbase/-/boolbase-1.0.0.tgz (sha512-JZOSA7Mo9sNGB8+UjSgzdLtokWAky1zbztM3WRLCbZ70/3cTANmQmOdR7y2g+J0e2WXywy1yS468tY+IruqEww==) seems to be corrupted. Trying again.
npm warn tarball tarball data for body-parser@https://registry.npmjs.org/body-parser/-/body-parser-2.3.0.tgz (sha512-2cGmJupaNgg+QUwVLAucDuWuoMZ6EX9iHDRswZ5lsNYEmwPaRknMPCLZz07yTzVq/83p4o/wzbDZbBrTvGGTIw==) seems to be corrupted. Trying again.
npm warn tarball tarball data for beasties@https://registry.npmjs.org/beasties/-/beasties-0.4.3.tgz (sha512-fIIeLOcbAB/K1kb1HBVJoiq1alHL4RCYBSo5e7HzrNkkgMggXR1Vqt/Z9JWnkfe/qdCo66Ux3QRwZioAIBdWRA==) seems to be corrupted. Trying again.
npm warn tarball tarball data for bidi-js@https://registry.npmjs.org/bidi-js/-/bidi-js-1.0.3.tgz (sha512-RKshQI1R3YQ+n9YJz2QQ147P66ELpa1FQEg20Dk8oW9t2KgLbpDLLp9aGZ7y8WHSshDknG0bknqGw5/tyCs5tw==) seems to be corrupted. Trying again.
npm warn tarball tarball data for baseline-browser-mapping@https://registry.npmjs.org/baseline-browser-mapping/-/baseline-browser-mapping-2.11.11.tgz (sha512-/yImnXwyTvgMkhgekLHok/Rx5vO6E0BmStWlSqKWMVm2a2ITuZ1Tn+9bgLS+gZRdZmWtd8nxuhHpdmCUOWsTQQ==) seems to be corrupted. Trying again.
npm warn tarball tarball data for balanced-match@https://registry.npmjs.org/balanced-match/-/balanced-match-4.0.4.tgz (sha512-BLrgEcRTwX2o6gGxGOCNyMvGSp35YofuYzw9h1IMTRmKqttAZZVU67bdb9Pr2vUHA8+j3i2tJfjO6C6+4myGTA==) seems to be corrupted. Trying again.
npm warn tarball tarball data for axobject-query@https://registry.npmjs.org/axobject-query/-/axobject-query-4.1.0.tgz (sha512-qIj0G9wZbMGNLjLmg1PT6v2mE9AH2zlnADJD/2tC6E00hgmhUOfEB6greHPAfLRSufHqROIUTkw6E+M3lH0PTQ==) seems to be corrupted. Trying again.
npm warn tarball tarball data for aria-query@https://registry.npmjs.org/aria-query/-/aria-query-5.3.2.tgz (sha512-COROpnaoap1E2F000S62r6A60uHZnmlvomhfyT2DlTcrY1OrBKn2UhH7qn5wTC9zMvD0AY7csdPSNwKP+7WiQw==) seems to be corrupted. Trying again.
npm warn tarball tarball data for assertion-error@https://registry.npmjs.org/assertion-error/-/assertion-error-2.0.1.tgz (sha512-Izi8RQcffqCeNVgFigKli1ssklIbpHnCYc6AknXGYoB6grJqyeby7jv12JUQgmTAnIDnbck1uxksT4dzN3PWBA==) seems to be corrupted. Trying again.
npm warn tarball tarball data for argparse@https://registry.npmjs.org/argparse/-/argparse-2.0.1.tgz (sha512-8+9WqebbFzpX9OR+Wa6O29asIogeRMzcGtAINdpMHHyAg10f05aSFVBbcEqGf/PXw1EjAZ+q2/bEBg3DvurK3Q==) seems to be corrupted. Trying again.
npm warn tarball tarball data for ansi-regex@https://registry.npmjs.org/ansi-regex/-/ansi-regex-6.2.2.tgz (sha512-Bq3SmSpyFHaWjPk8If9yc6svM8c56dB5BAtW4Qbw5jHTwwXXcTLoRMkpDJp6VL0XzlWaCHTXrkFURMYmD0sLqg==) seems to be corrupted. Trying again.
npm warn tarball tarball data for ansi-styles@https://registry.npmjs.org/ansi-styles/-/ansi-styles-6.2.3.tgz (sha512-4Dj6M28JB+oAH8kFkTLUo+a2jwOFkuqb3yucU0CANcRRUbxS0cP0nZYCGjcc3BNXwRIsUVmDGgzawme7zvJHvg==) seems to be corrupted. Trying again.
npm warn tarball tarball data for ansi-escapes@https://registry.npmjs.org/ansi-escapes/-/ansi-escapes-7.3.0.tgz (sha512-BvU8nYgGQBxcmMuEeUEmNTvrMVjJNSH7RgW24vXexN4Ven6qCvy4TntnvlnwnMLTVlcRQQdbRY8NKnaIoeWDNg==) seems to be corrupted. Trying again.
npm warn tarball tarball data for angular-eslint@https://registry.npmjs.org/angular-eslint/-/angular-eslint-22.1.0.tgz (sha512-LU5a6MOSeQTETnc4xaHi10p9S1cstNczr93sChi3rx8IzgH4+risIsjjQHVLSnQDrSGH2O8jAGCaChker7f7TQ==) seems to be corrupted. Trying again.
npm warn tarball tarball data for ajv-formats@https://registry.npmjs.org/ajv-formats/-/ajv-formats-3.0.1.tgz (sha512-8iUql50EUR+uUcdRQ3HDqa6EVyo3docL8g5WJ3FNcWmu62IbkGUue/pEyLBW8VGKKucTPgqeks4fIU1DA4yowQ==) seems to be corrupted. Trying again.
npm warn tarball tarball data for agent-base@https://registry.npmjs.org/agent-base/-/agent-base-9.0.0.tgz (sha512-TQf59BsZnytt8GdJKLPfUZ54g/iaUL2OWDSFCCvMOhsHduDQxO8xC4PNeyIkVcA5KwL2phPSv0douC0fgWzmnA==) seems to be corrupted. Trying again.
npm warn tarball tarball data for ajv@https://registry.npmjs.org/ajv/-/ajv-8.20.0.tgz (sha512-Thbli+OlOj+iMPYFBVBfJ3OmCAnaSyNn4M1vz9T6Gka5Jt9ba/HIR56joy65tY6kx/FCF5VXNB819Y7/GUrBGA==) seems to be corrupted. Trying again.
npm warn tarball tarball data for acorn-jsx@https://registry.npmjs.org/acorn-jsx/-/acorn-jsx-5.3.2.tgz (sha512-rq9s+JNhf0IChjtDXxllJ7g41oZk5SlXtp0LHwyA5cejwn7vKmKp4pPri6YEePv2PU65sAsegbXtIinmDFDXgQ==) seems to be corrupted. Trying again.
npm warn tarball tarball data for acorn@https://registry.npmjs.org/acorn/-/acorn-8.18.0.tgz (sha512-lGq+9yr1/GuAWaVYIHRjvvySG5/4VfKIvC8EWxStPdcDh/Ka7FG3twP6v4d5BkravUilhIAsG4Qj83t02LWUPQ==) seems to be corrupted. Trying again.
npm warn tarball tarball data for accepts@https://registry.npmjs.org/accepts/-/accepts-2.0.0.tgz (sha512-5cvg6CtKwfgdmVqY1WIiXKc3Q1bkRqGLi+2W/6ao+6Y7gu/RCwRuAhGEzh5B4KlszSuTLgZYuqFqo5bImjNKng==) seems to be corrupted. Trying again.
npm warn tarball tarball data for @vitest/utils@https://registry.npmjs.org/@vitest/utils/-/utils-4.1.10.tgz (sha512-fy9am/HWxbaGt/Sawrp90vt6Y6jQwf1RX77cz3uwoJwJVMli/e1IEwRPnMNJ7vKfPTwo0diXifkpPvwH9v7nGA==) seems to be corrupted. Trying again.
npm warn tarball tarball data for @vitest/spy@https://registry.npmjs.org/@vitest/spy/-/spy-4.1.10.tgz (sha512-PLf/Ugvoq5wO/b4rwYCR1h2PSIdXz7wnkQFMiUpLdtM7l6pqVFcQIBEHyT1+l+cj7mNwAfZHzqXqDyjvOuwbDw==) seems to be corrupted. Trying again.
npm warn tarball tarball data for @vitest/runner@https://registry.npmjs.org/@vitest/runner/-/runner-4.1.10.tgz (sha512-IKI6kpIH+LmpROplyLwBBaCfMgOZOMsygVa6BARD6ahA04VRuJSa6OaVG7kRvSEMD870Vd91rSSw0eegtWyLGg==) seems to be corrupted. Trying again.
npm warn tarball tarball data for @vitest/snapshot@https://registry.npmjs.org/@vitest/snapshot/-/snapshot-4.1.10.tgz (sha512-xRkfOT1qpTAi/Ti4Y1LtfRc3kEuqxGw59eN2jN9pRWMtS/XDevekhcFSqvQqjUNGksfjMJu3Y+oJ+4Ypn2OaJw==) seems to be corrupted. Trying again.
npm warn tarball tarball data for @vitest/mocker@https://registry.npmjs.org/@vitest/mocker/-/mocker-4.1.10.tgz (sha512-v0xaezt+DKEmKfaxg133ldzADrwLGd7Ze1MfQQTYfvs8OqZIwbxyxaYURivwV7sWy5fqn3rH5uOrSp07bp44Ow==) seems to be corrupted. Trying again.
npm warn tarball tarball data for @vitest/pretty-format@https://registry.npmjs.org/@vitest/pretty-format/-/pretty-format-4.1.10.tgz (sha512-W1HsjSH4MXQ9YfmmhLAoIYf1HRfekQCGngeIgcei6MP5QQGWUe0gkopdZQaVCFO+JDJMrAJGwa5pRpNpvy4P8Q==) seems to be corrupted. Trying again.
npm warn tarball tarball data for @vitest/expect@https://registry.npmjs.org/@vitest/expect/-/expect-4.1.10.tgz (sha512-YsCn+qAk1GWjQOWFEsEcL2gNQ0zmVmQu3T03qP6UyjhtmdtwtbuI+DASn/7iQB3HGTXkdBwGddzxPlmiql5vlA==) seems to be corrupted. Trying again.
npm warn tarball tarball data for @typescript-eslint/visitor-keys@https://registry.npmjs.org/@typescript-eslint/visitor-keys/-/visitor-keys-8.67.0.tgz (sha512-fkv8dHRDqfGtTHuJeebdrQ7cX6Ad4WAS00rgHh9UGvMycF1mjBfsxry1XsLIFhWZ6Judlh6UdzK+TYlbpCXgnA==) seems to be corrupted. Trying again.
npm warn tarball tarball data for @vitejs/plugin-basic-ssl@https://registry.npmjs.org/@vitejs/plugin-basic-ssl/-/plugin-basic-ssl-2.3.0.tgz (sha512-bdyo8rB3NnQbikdMpHaML9Z1OZPBu6fFOBo+OtxsBlvMJtysWskmBcnbIDhUqgC8tcxNv/a+BcV5U+2nQMm1OQ==) seems to be corrupted. Trying again.
npm warn tarball tarball data for @typescript-eslint/utils@https://registry.npmjs.org/@typescript-eslint/utils/-/utils-8.67.0.tgz (sha512-U9D1FdwEWBwok3hxxSdhclMb0twvt9QnjIQ0VfQ1AiX2epnpSgv2ubVDsayOFyY8K6FX+AQ7E0FKWVG3iKsj1A==) seems to be corrupted. Trying again.
npm warn tarball tarball data for @typescript-eslint/typescript-estree@https://registry.npmjs.org/@typescript-eslint/typescript-estree/-/typescript-estree-8.67.0.tgz (sha512-EKQBCE9yNlRJYm7jdTW5AhDacDUmSwQb0FAJAmK2EKYrNXIsa2vxcSZx6PvJ/dEdI6lS+Y9W+EXckLj0iPFGcw==) seems to be corrupted. Trying again.
npm warn tarball tarball data for @typescript-eslint/types@https://registry.npmjs.org/@typescript-eslint/types/-/types-8.67.0.tgz (sha512-sBtgslww8nsMYUjhdPBiSyUqSzT8uR6g93A2QXnQC8+cGdjz0CyaOdqHDRJb1AtORbZCNUJBBeFA/tNR2uQmww==) seems to be corrupted. Trying again.
npm warn tarball tarball data for @typescript-eslint/tsconfig-utils@https://registry.npmjs.org/@typescript-eslint/tsconfig-utils/-/tsconfig-utils-8.67.0.tgz (sha512-vV+LUSv5njUWsknE71fqKTlXUva+R76SaeORd6Zojcunk/6DvKFXONU3BrAs2H49mbygUXt6gbYunzwqNwlhdg==) seems to be corrupted. Trying again.
npm warn tarball tarball data for @typescript-eslint/project-service@https://registry.npmjs.org/@typescript-eslint/project-service/-/project-service-8.67.0.tgz (sha512-cvE8c7ulYeXN9fYuszhCeCsbzyVEXuhrRCybnBre7TUmqb5nRmBfQAwCj0O3WJFDeyAZt4VYv51vMCC9LHSdYw==) seems to be corrupted. Trying again.
npm warn tarball tarball data for @typescript-eslint/parser@https://registry.npmjs.org/@typescript-eslint/parser/-/parser-8.67.0.tgz (sha512-fUBfTuuEulWqX6V8+O3PtScV01tzYYRUDTAirHFKoRAt7nOzoGiPt0M/bB47wWNy0coOOcgEwAMUtBpykMxl6w==) seems to be corrupted. Trying again.
npm warn tarball tarball data for @types/json-schema@https://registry.npmjs.org/@types/json-schema/-/json-schema-7.0.15.tgz (sha512-5+fP8P8MFNC+AyZCDxrB2pkZFPGzqQWUzpSeuuVLvm8VMcorNYavBqoFcxK8bQz4Qsbn4oUEEem4wDLfcysGHA==) seems to be corrupted. Trying again.
npm warn tarball tarball data for @typescript-eslint/eslint-plugin@https://registry.npmjs.org/@typescript-eslint/eslint-plugin/-/eslint-plugin-8.67.0.tgz (sha512-Un7Heoyj65NREbKAyIrFxeM143NZpExWmy1Nep4DLeQOeLlTeumPjoNKnBrU5D5moWXbPJgRa5Uwcdu0faVNGQ==) seems to be corrupted. Trying again.
npm warn tarball tarball data for @types/jsesc@https://registry.npmjs.org/@types/jsesc/-/jsesc-2.5.1.tgz (sha512-9VN+6yxLOPLOav+7PwjZbxiID2bVaeq0ED4qSQmdQTdjnXJSaCVKTR58t15oqH1H5t8Ng2ZX1SabJVoN9Q34bw==) seems to be corrupted. Trying again.
npm warn tarball tarball data for @types/gensync@https://registry.npmjs.org/@types/gensync/-/gensync-1.0.5.tgz (sha512-MbsRCT7mTikHwKZ0X+LVUTLRrZZRLipTuXEO9qOYO+zmjMVk81axyClMROf6uoPD9MRVu46bx8zoR0Ad9q3NAg==) seems to be corrupted. Trying again.
npm warn tarball tarball data for @typescript-eslint/type-utils@https://registry.npmjs.org/@typescript-eslint/type-utils/-/type-utils-8.67.0.tgz (sha512-aVWDXbRmdXO9siTfX4ditQI1T9+zVcNazT48EJCD0v40/9RIFoUgZ05CmGEq9H2gixRpjUn/iplwvlcvutJW/Q==) seems to be corrupted. Trying again.
npm warn tarball tarball data for @types/estree@https://registry.npmjs.org/@types/estree/-/estree-1.0.9.tgz (sha512-GhdPgy1el4/ImP05X05Uw4cw2/M93BCUmnEvWZNStlCzEKME4Fkk+YpoA5OiHNQmoS7Cafb8Xa3Pya8m1Qrzeg==) seems to be corrupted. Trying again.
npm warn tarball tarball data for @types/esrecurse@https://registry.npmjs.org/@types/esrecurse/-/esrecurse-4.3.1.tgz (sha512-xJBAbDifo5hpffDBuHl0Y8ywswbiAp/Wi7Y/GtAgSlZyIABppyurxVueOPE8LUQOxdlgi6Zqce7uoEpqNTeiUw==) seems to be corrupted. Trying again.
npm warn tarball tarball data for @types/deep-eql@https://registry.npmjs.org/@types/deep-eql/-/deep-eql-4.0.2.tgz (sha512-c9h9dVVMigMPc4bwTvC5dxqtqJZwQPePsWjPlpSOnojbor6pGqdk541lfA7AqFQr5pB1BRdq0juY9db81BwyFw==) seems to be corrupted. Trying again.
npm warn tarball tarball data for @types/chai@https://registry.npmjs.org/@types/chai/-/chai-5.2.3.tgz (sha512-Mw558oeA9fFbv65/y4mHtXDs9bPnFMZAL/jxdPFUpOHHIXX91mcgEHbS5Lahr+pwZFR8A7GQleRWeI6cGFC2UA==) seems to be corrupted. Trying again.
npm warn tarball tarball data for @standard-schema/spec@https://registry.npmjs.org/@standard-schema/spec/-/spec-1.1.0.tgz (sha512-l2aFy5jALhniG5HgqrD6jXLi/rUWrKvqN/qJx6yoJsgKhblVd+iqqU4RCXavm/jPityDo5TCvKMnpjKnOriy0w==) seems to be corrupted. Trying again.
npm warn tarball tarball data for @rolldown/pluginutils@https://registry.npmjs.org/@rolldown/pluginutils/-/pluginutils-1.0.1.tgz (sha512-2j9bGt5Jh8hj+vPtgzPtl72j0yRxHAyumoo6TNfAjsLB04UtpSvPbPcDcBMxz7n+9CYB0c1GxQFxYRg2jimqGw==) seems to be corrupted. Trying again.
npm warn tarball tarball data for @typescript-eslint/scope-manager@https://registry.npmjs.org/@typescript-eslint/scope-manager/-/scope-manager-8.67.0.tgz (sha512-EgvsleTwS4E+WzzSvem8fAUubLwatMNF1B5hHSLQxcvs7q2dtRhGyujHwLJSYlG41niJ7GP24Aha2+0mb1b2kg==) seems to be corrupted. Trying again.
npm warn tarball tarball data for @simplewebauthn/browser@https://registry.npmjs.org/@simplewebauthn/browser/-/browser-13.3.0.tgz (sha512-BE/UWv6FOToAdVk0EokzkqQQDOWtNydYlY6+OrmiZ5SCNmb41VehttboTetUM3T/fr6EAFYVXjz4My2wg230rQ==) seems to be corrupted. Trying again.
npm warn tarball tarball data for @rolldown/binding-linux-x64-gnu@https://registry.npmjs.org/@rolldown/binding-linux-x64-gnu/-/binding-linux-x64-gnu-1.2.0.tgz (sha512-MK7L0018jjh1jR3mh21G2j1zAVcpscJBlPo2z19pRjv2XOYGRhaV4LyiD8HO6nCDdZln9IFgCMIV5yt4E3klGQ==) seems to be corrupted. Trying again.
npm warn tarball tarball data for @playwright/test@https://registry.npmjs.org/@playwright/test/-/test-1.62.1.tgz (sha512-DTcUc8qii+cpHvtOwggMtBRMjKZHXYWdw8syRYu2vtzuq4Wxphqq4NfCs5Zt44L6mA8rfDfj+PHnxFc/FeK6mQ==) seems to be corrupted. Trying again.
npm warn tarball tarball data for @schematics/angular@https://registry.npmjs.org/@schematics/angular/-/angular-22.1.3.tgz (sha512-5f5f0tKp3d25hjNGkvw2dtGgTN4wxPNhv1AXnhFkh+mLinQK9Qwzr2iEXDDrAuJEkvz1ACHq631IURWph0lqew==) seems to be corrupted. Trying again.
npm warn tarball tarball data for @parcel/watcher@https://registry.npmjs.org/@parcel/watcher/-/watcher-2.6.0.tgz (sha512-7FNeNl8NCE7aINx7WXiKQrPYZWC/hvrTsmk6zmxbI7LTXE7hVek/n8AfVgpe2y82zl3w0HvCHN0bVKMBoJcC0w==) seems to be corrupted. Trying again.
npm warn tarball tarball data for @oxc-project/types@https://registry.npmjs.org/@oxc-project/types/-/types-0.142.0.tgz (sha512-7W+2q5AKQVU36fkaryontrHn3YDt1RyUYXatw9i5H8ocYe2sPKSFB6eS8WNPeRKiN1qAWWZUPm7gwFzJGrccqQ==) seems to be corrupted. Trying again.
npm warn tarball tarball data for @oxc-parser/binding-linux-x64-gnu@https://registry.npmjs.org/@oxc-parser/binding-linux-x64-gnu/-/binding-linux-x64-gnu-0.142.0.tgz (sha512-i69kAWU+2LgoH5bR+zWiiu+UzAw7Oxkwv7COeJTeY19pn4e70nKQcr9Pm6cL2Z0Z54d+gl9qADlK/0yyuCPiBA==) seems to be corrupted. Trying again.
npm warn tarball tarball data for @napi-rs/nice-linux-x64-gnu@https://registry.npmjs.org/@napi-rs/nice-linux-x64-gnu/-/nice-linux-x64-gnu-1.1.1.tgz (sha512-/gaNz3R92t+dcrfCw/96pDopcmec7oCcAQ3l/M+Zxr82KT4DljD37CpgrnXV+pJC263JkW572pdbP3hP+KjcIg==) seems to be corrupted. Trying again.
npm warn tarball tarball data for @msgpackr-extract/msgpackr-extract-linux-x64@https://registry.npmjs.org/@msgpackr-extract/msgpackr-extract-linux-x64/-/msgpackr-extract-linux-x64-3.0.4.tgz (sha512-8TNXMEjJc3QEy7R/x1INhgiU+XakDAFUzBhaz7+Rbrs8NH5UQeHQxxmzsSBJGyV6I1jW79undiQm8tOI+D+8FQ==) seems to be corrupted. Trying again.
npm warn tarball tarball data for @napi-rs/nice@https://registry.npmjs.org/@napi-rs/nice/-/nice-1.1.1.tgz (sha512-xJIPs+bYuc9ASBl+cvGsKbGrJmS6fAKaSZCnT0lhahT5rhA2VVy9/EcIgd2JhtEuFOJNx7UHNn/qiTPTY4nrQw==) seems to be corrupted. Trying again.
npm warn tarball tarball data for @noble/hashes@https://registry.npmjs.org/@noble/hashes/-/hashes-2.2.0.tgz (sha512-IYqDGiTXab6FniAgnSdZwgWbomxpy9FtYvLKs7wCUs2a8RkITG+DFGO1DM9cr+E3/RgADRpFjrKVaJ1z6sjtEg==) seems to be corrupted. Trying again.
npm warn tarball tarball data for @modelcontextprotocol/sdk@https://registry.npmjs.org/@modelcontextprotocol/sdk/-/sdk-1.29.0.tgz (sha512-zo37mZA9hJWpULgkRpowewez1y6ML5GsXJPY8FI0tBBCd77HEvza4jDqRKOXgHNn867PVGCyTdzqpz0izu5ZjQ==) seems to be corrupted. Trying again.
npm warn tarball tarball data for @listr2/prompt-adapter-inquirer@https://registry.npmjs.org/@listr2/prompt-adapter-inquirer/-/prompt-adapter-inquirer-4.2.4.tgz (sha512-/KRI2DMD7JGSYaREF0Ygl7AefJ/2ase4Gc5cBiKqT5l4tFjsSJfhFGcc5nSkgl0Sp9LkCQNzl/cqbVJYP2L3dw==) seems to be corrupted. Trying again.
npm warn tarball tarball data for @lmdb/lmdb-linux-x64@https://registry.npmjs.org/@lmdb/lmdb-linux-x64/-/lmdb-linux-x64-3.5.6.tgz (sha512-ADzCuCF2cTNiX9kDScqcz1fjnAkxPpQNneV3KFTdV3wWtVlI2sTGzySoMTgDpinkMMFj1NTJlxA6XR8fwc4hlA==) seems to be corrupted. Trying again.
npm warn tarball tarball data for @jridgewell/sourcemap-codec@https://registry.npmjs.org/@jridgewell/sourcemap-codec/-/sourcemap-codec-1.5.5.tgz (sha512-cYQ9310grqxueWbl+WuIUIaiUaDcj7WOq5fVhEljNVgRfOUhY9fy2zTvfoqWsnebh8Sl70VScFbICvJnLKB0Og==) seems to be corrupted. Trying again.
npm warn tarball tarball data for @jridgewell/trace-mapping@https://registry.npmjs.org/@jridgewell/trace-mapping/-/trace-mapping-0.3.31.tgz (sha512-zzNR+SdQSDJzc8joaeP8QQoCQr8NuYx2dIIytl1QeBEZHJ9uW6hebsrYgbz8hJwUQao3TWCMtmfV8Nu1twOLAw==) seems to be corrupted. Trying again.
npm warn tarball tarball data for @jridgewell/resolve-uri@https://registry.npmjs.org/@jridgewell/resolve-uri/-/resolve-uri-3.1.2.tgz (sha512-bRISgCIjP20/tbWSPWMEi54QVPRZExkuD9lJL+UIxUKtwVJA8wW1Trb1jMs1RFXo1CBTNZ/5hpC9QvmKWdopKw==) seems to be corrupted. Trying again.
npm warn tarball tarball data for @parcel/watcher-linux-x64-glibc@https://registry.npmjs.org/@parcel/watcher-linux-x64-glibc/-/watcher-linux-x64-glibc-2.6.0.tgz (sha512-ulGE6x6Oz6iAwg75T8YQSoguBWasniIbX+QWpaYPcCnDOpdWX3k+4xbEYPZVLxOuoJI+svJJPD3sEj8G7lrQ3A==) seems to be corrupted. Trying again.
npm warn tarball tarball data for @jridgewell/gen-mapping@https://registry.npmjs.org/@jridgewell/gen-mapping/-/gen-mapping-0.3.13.tgz (sha512-2kkt/7niJ6MgEPxF0bYdQ6etZaA+fQvDcLKckhy1yIQOzaoKjBBjSj63/aLVjYE3qhRt5dvM+uUyfCg6UKCBbA==) seems to be corrupted. Trying again.
npm warn tarball tarball data for @inquirer/type@https://registry.npmjs.org/@inquirer/type/-/type-4.0.7.tgz (sha512-t28inv14nMQ1PhKpsJPY+kEs/c00qzeCOS2gTNRyTjG5d6qsVA2fItxW4hkvGZ5lvanGLdtCzVIx5dwdRpN1+g==) seems to be corrupted. Trying again.
npm warn tarball tarball data for @inquirer/select@https://registry.npmjs.org/@inquirer/select/-/select-5.2.1.tgz (sha512-FlDndEUww8m7BfukO2nJa25vhD+H5jxxCv4oGioKqzyWz3nPHhhw4LKdYRSlXuAx7DsdWia7iyaBPKKS95Evfw==) seems to be corrupted. Trying again.
npm warn tarball tarball data for @inquirer/prompts@https://registry.npmjs.org/@inquirer/prompts/-/prompts-8.5.2.tgz (sha512-IYR/3C/paEVVQYQvdDlFZVjRCJVYHHON0XXMH91KO9GSxs0TdKYWlUdvfQl2EfAHDxUaN3IBffkE/BDTh5nJ6g==) seems to be corrupted. Trying again.
npm warn tarball tarball data for @inquirer/rawlist@https://registry.npmjs.org/@inquirer/rawlist/-/rawlist-5.3.1.tgz (sha512-QqdTqQddL3qPX/PPrjobpsO25NZ4dWXgTLenrR445L2ptLEYE6Z+PD5c5CNDJNx4ugRgELAIpSIJxZaO2jJ2Og==) seems to be corrupted. Trying again.
npm warn tarball tarball data for @inquirer/password@https://registry.npmjs.org/@inquirer/password/-/password-5.1.1.tgz (sha512-3XBfF7DAsp5qeDsvN5Rd1HmbNokVvEQoUM0QLrRcybC9nX96w3Pbmu7qUsb3IT3J3jBvs2+mTXaKHOUsgHMLzg==) seems to be corrupted. Trying again.
npm warn tarball tarball data for @inquirer/number@https://registry.npmjs.org/@inquirer/number/-/number-4.1.1.tgz (sha512-XF4IXAbPnGPgw0wsbC/i2tPcyfdZgDpUlhsqU0SfT4IRIGWha6Xm9VRgN5yYxJq+jnyXlfXI/nQ3ulfk0iEICA==) seems to be corrupted. Trying again.
npm warn tarball tarball data for @inquirer/input@https://registry.npmjs.org/@inquirer/input/-/input-5.1.2.tgz (sha512-9K/DDBSQpOyZSkt6sOVP9Vo0TR7atX2kuILsUu0x3wVcVbe97lJwIJKMLdMw25tDYuXl/qp6erT0Xs1rfmcfZg==) seems to be corrupted. Trying again.
npm warn tarball tarball data for @inquirer/search@https://registry.npmjs.org/@inquirer/search/-/search-4.2.1.tgz (sha512-xJj8QWKRSrfKoBIITLZK61dD3zwo0Rz11fgDImku30/Oe81zMdIdGgrLY2h6RkJ+KZ/GhNYIRMKnH/62qBTA5g==) seems to be corrupted. Trying again.
npm warn tarball tarball data for @inquirer/expand@https://registry.npmjs.org/@inquirer/expand/-/expand-5.1.1.tgz (sha512-YmQpenjbFSHAK3sOd44puHh3V1KXXr+JiNpUztoSQ4drLh2rTVzTap/YtlAVu/5xavifIlBfNEzJ/neZJ1a/1g==) seems to be corrupted. Trying again.
npm warn tarball tarball data for @inquirer/figures@https://registry.npmjs.org/@inquirer/figures/-/figures-2.0.7.tgz (sha512-aJ8TBPOGB6f/2qziPfElISTCEd5XOYTFckA2SGjhNmiKzfK/u4ot3v0DUzGVdUnKjN10EqnnEPck36BkyfLnJw==) seems to be corrupted. Trying again.
npm warn tarball tarball data for @inquirer/external-editor@https://registry.npmjs.org/@inquirer/external-editor/-/external-editor-3.0.3.tgz (sha512-6thf5I8q7lZwzGLAxPaaGEREEkZ3nyePPDQ1oyobblxmEE8mqTLguScP7pDjUTAibiyb4hfXl+qjUEJ+di/aNA==) seems to be corrupted. Trying again.
npm warn tarball tarball data for @inquirer/editor@https://registry.npmjs.org/@inquirer/editor/-/editor-5.2.2.tgz (sha512-ZRVd/oD+sYsUd5zVm0NflqEzlqfYCyHNsqkHl2oWXEUHs12tCbcSFi+wVFEvD8+LGRaMUsVrE7qeo6lSG/S1Vg==) seems to be corrupted. Trying again.
npm warn tarball tarball data for @inquirer/ansi@https://registry.npmjs.org/@inquirer/ansi/-/ansi-2.0.7.tgz (sha512-3eTuUO1vH2cZm2ZKHeQxnOqlTi9EfZDGgIe3BL3I4u+rJHocr9Fz86M4fjYABPvFnQG/gGK551HqDiIcETwU6Q==) seems to be corrupted. Trying again.
npm warn tarball tarball data for @inquirer/confirm@https://registry.npmjs.org/@inquirer/confirm/-/confirm-6.1.1.tgz (sha512-eb8DBZcz/2qHWQda4rk2JiQk5h9QV/cVHi1yjt0f69WFZMRFn0sJTye3EAP8icut8UDMjQPsaH5KbcOogefrFQ==) seems to be corrupted. Trying again.
npm warn tarball tarball data for @inquirer/checkbox@https://registry.npmjs.org/@inquirer/checkbox/-/checkbox-5.2.1.tgz (sha512-b6xmA/VlTe0ZgDQHDui+Nav470u7u49nRd8/iuhOcQPO9Ch7lGuogydhi2VOmNlZ+zXcM8IcPuNSwQcdJaF/kw==) seems to be corrupted. Trying again.
npm warn tarball tarball data for @humanwhocodes/module-importer@https://registry.npmjs.org/@humanwhocodes/module-importer/-/module-importer-1.0.1.tgz (sha512-bxveV4V8v5Yb4ncFTT3rPSgZBOpCkjfK0y4oVVVJwIuDVBRMDXrPyXRL988i5ap9m9bnyEEjWfm5WkBmtffLfA==) seems to be corrupted. Trying again.
npm warn tarball tarball data for @inquirer/core@https://registry.npmjs.org/@inquirer/core/-/core-11.2.1.tgz (sha512-Qd6GJT1yVyrZZCfN8W2qKF5ApmqryXRhRKCuip8h01x2w/esJQ2XIYc6f9abMIHgKQdBfFTSOdbHRLAhuM09UA==) seems to be corrupted. Trying again.
npm warn tarball tarball data for @humanfs/core@https://registry.npmjs.org/@humanfs/core/-/core-0.19.2.tgz (sha512-UhXNm+CFMWcbChXywFwkmhqjs3PRCmcSa/hfBgLIb7oQ5HNb1wS0icWsGtSAUNgefHeI+eBrA8I1fxmbHsGdvA==) seems to be corrupted. Trying again.
npm warn tarball tarball data for @humanfs/types@https://registry.npmjs.org/@humanfs/types/-/types-0.15.0.tgz (sha512-ZZ1w0aoQkwuUuC7Yf+7sdeaNfqQiiLcSRbfI08oAxqLtpXQr9AIVX7Ay7HLDuiLYAaFPu8oBYNq/QIi9URHJ3Q==) seems to be corrupted. Trying again.
npm warn tarball tarball data for @hono/node-server@https://registry.npmjs.org/@hono/node-server/-/node-server-1.19.17.tgz (sha512-dSneS5qhiauZWGDCeK4o695Xd9nUNjviSZCMQrj10eetr8Uln1ucn6bbphOM6UynAMMtNIzZNSpL9vnASJwrPQ==) seems to be corrupted. Trying again.
npm warn tarball tarball data for @harperfast/extended-iterable@https://registry.npmjs.org/@harperfast/extended-iterable/-/extended-iterable-1.0.3.tgz (sha512-sSAYhQca3rDWtQUHSAPeO7axFIUJOI6hn1gjRC5APVE1a90tuyT8f5WIgRsFhhWA7htNkju2veB9eWL6YHi/Lw==) seems to be corrupted. Trying again.
npm warn tarball tarball data for @humanfs/node@https://registry.npmjs.org/@humanfs/node/-/node-0.16.8.tgz (sha512-gE1eQNZ3R++kTzFUpdGlpmy8kDZD/MLyHqDwqjkVQI0JMdI1D51sy1H958PNXYkM2rAac7e5/CnIKZrHtPh3BQ==) seems to be corrupted. Trying again.
npm warn tarball tarball data for @eslint/plugin-kit@https://registry.npmjs.org/@eslint/plugin-kit/-/plugin-kit-0.7.2.tgz (sha512-+CNAzxglkrpNf/kKywqQfk74QjtceuOE7Qm+AF8miRvPF/wmmK5+OJOgVh3AVTT3RP2mH3+FOaxlE5v72owk0A==) seems to be corrupted. Trying again.
npm warn tarball tarball data for @eslint/js@https://registry.npmjs.org/@eslint/js/-/js-10.0.1.tgz (sha512-zeR9k5pd4gxjZ0abRoIaxdc7I3nDktoXZk2qOv9gCNWx3mVwEn32VRhyLaRsDiJjTs0xq/T8mfPtyuXu7GWBcA==) seems to be corrupted. Trying again.
npm warn tarball tarball data for @humanwhocodes/retry@https://registry.npmjs.org/@humanwhocodes/retry/-/retry-0.4.3.tgz (sha512-bV0Tgo9K4hfPCek+aMAn81RppFKv2ySDQeMoSZuvTASywNTnVJCArCZE2FWqpvIatKu7VMRLWlR1EazvVhDyhQ==) seems to be corrupted. Trying again.
npm warn tarball tarball data for @eslint/config-array@https://registry.npmjs.org/@eslint/config-array/-/config-array-0.23.5.tgz (sha512-Y3kKLvC1dvTOT+oGlqNQ1XLqK6D1HU2YXPc52NmAlJZbMMWDzGYXMiPRJ8TYD39muD/OTjlZmNJ4ib7dvSrMBA==) seems to be corrupted. Trying again.
npm warn tarball tarball data for @eslint/core@https://registry.npmjs.org/@eslint/core/-/core-1.2.1.tgz (sha512-MwcE1P+AZ4C6DWlpin/OmOA54mmIZ/+xZuJiQd4SyB29oAJjN30UW9wkKNptW2ctp4cEsvhlLY/CsQ1uoHDloQ==) seems to be corrupted. Trying again.
npm warn tarball tarball data for @eslint-community/regexpp@https://registry.npmjs.org/@eslint-community/regexpp/-/regexpp-4.12.2.tgz (sha512-EriSTlt5OC9/7SXkRSCAhfSxxoSUgBm33OH+IkwbdpgoqsSsUg7y3uh+IICI/Qg4BBWr3U2i39RpmycbxMq4ew==) seems to be corrupted. Trying again.
npm warn tarball tarball data for @esbuild/linux-x64@https://registry.npmjs.org/@esbuild/linux-x64/-/linux-x64-0.28.1.tgz (sha512-u/anNYF2mmVOEDwLtnQ1wOr3EZ9sTNGLWrsYGYwHWzGA3Si84IOkHXlbWTD1NB+9/1lcnweYKO54uhxZydNzfA==) seems to be corrupted. Trying again.
npm warn tarball tarball data for @exodus/bytes@https://registry.npmjs.org/@exodus/bytes/-/bytes-1.15.1.tgz (sha512-S6mL0yNB/Abt9Ei4tq8gDhcczc4S3+vQ4ra7vxnAf+YHC02srtqxKKZghx2Dq6p0e66THKwR6r8N6P95wEty7Q==) seems to be corrupted. Trying again.
npm warn tarball tarball data for @csstools/css-syntax-patches-for-csstree@https://registry.npmjs.org/@csstools/css-syntax-patches-for-csstree/-/css-syntax-patches-for-csstree-1.1.7.tgz (sha512-fQ+05118eQS1cofO3aJpB5efgpBZMvIzwr/sbC8kDLVA5XLG8q1kJV5yzrUAI1f7lvhPnm8fgIjzFB8/O/5Dig==) seems to be corrupted. Trying again.
npm warn tarball tarball data for @csstools/css-tokenizer@https://registry.npmjs.org/@csstools/css-tokenizer/-/css-tokenizer-4.0.0.tgz (sha512-QxULHAm7cNu72w97JUNCBFODFaXpbDg+dP8b/oWFAZ2MTRppA3U00Y2L1HqaS4J6yBqxwa/Y3nMBaxVKbB/NsA==) seems to be corrupted. Trying again.
npm warn tarball tarball data for @fontsource/material-symbols-outlined@https://registry.npmjs.org/@fontsource/material-symbols-outlined/-/material-symbols-outlined-5.3.2.tgz (sha512-yHGq5aOBpvNntjlQVMWmZibX1FwnCdRrHesW3T+N/TEVUHFb5CAj8FhJtQI9BeXikIS2etiOpXf1qvuqyny+vQ==) seems to be corrupted. Trying again.
npm warn tarball tarball data for @eslint/object-schema@https://registry.npmjs.org/@eslint/object-schema/-/object-schema-3.0.5.tgz (sha512-vqTaUEgxzm+YDSdElad6PiRoX4t8VGDjCtt05zn4nU810UIx/uNEV7/lZJ6KwFThKZOzOxzXy48da+No7HZaMw==) seems to be corrupted. Trying again.
npm warn tarball tarball data for @csstools/css-color-parser@https://registry.npmjs.org/@csstools/css-color-parser/-/css-color-parser-4.1.10.tgz (sha512-UZhQLIUyJaaMepqehrCODwCg2KW25vFvLWBmqYFaPclYvvxzj/sG8LBOhBFCp11i9uE7t1EyS+RAoV9tztPFyw==) seems to be corrupted. Trying again.
npm warn tarball tarball data for @csstools/color-helpers@https://registry.npmjs.org/@csstools/color-helpers/-/color-helpers-6.1.0.tgz (sha512-064IFJdjTfUqnjpCVpMOdbr8FLQBhinbZj6yRv2An2E41O/pLEXqfFRWqGq/SxlE5PEUYTlvWsG2r8MswAVvkg==) seems to be corrupted. Trying again.
npm warn tarball tarball data for @bramus/specificity@https://registry.npmjs.org/@bramus/specificity/-/specificity-2.4.2.tgz (sha512-ctxtJ/eA+t+6q2++vj5j7FYX3nRu311q1wfYH3xjlLOsczhlhxAg2FWNUXhpGvAw3BWo1xBcvOV6/YLc2r5FJw==) seems to be corrupted. Trying again.
npm warn tarball tarball data for @csstools/css-calc@https://registry.npmjs.org/@csstools/css-calc/-/css-calc-3.3.0.tgz (sha512-c5ihYsPkdG6JCkU2zTMm4+k6r7RXuGxtWYhu5DHMIiF1FHzrfmHL5so11AoFpUv/tu61xfcmT4AmKoFfMPoqdQ==) seems to be corrupted. Trying again.
npm warn tarball tarball data for @babel/types@https://registry.npmjs.org/@babel/types/-/types-8.0.4.tgz (sha512-eY+Yn3dCqTGmyiq2QRU66lA5FL8lqqqvecHt0fF3uHONIa7ToYsaCiWV8lOKqAs0Rb2SjixiKFROngnulPtt2g==) seems to be corrupted. Trying again.
npm warn tarball tarball data for @babel/traverse@https://registry.npmjs.org/@babel/traverse/-/traverse-8.0.4.tgz (sha512-bZnmqzGG8UZneG1lLxBoWIH0G6Gr1D846Yu4/3XnY6FhCndMR49u26nTY08u/dAxWmLWF9vGQOuC+84FfIUoeg==) seems to be corrupted. Trying again.
npm warn tarball tarball data for @eslint-community/eslint-utils@https://registry.npmjs.org/@eslint-community/eslint-utils/-/eslint-utils-4.10.1.tgz (sha512-cuadcxVFE8sDK6iWJbs8Sn0av2Nrh2QSGQhVlBW9AaAHqHwjWsZHT8LJ4hFGPh7ASBV2deFdM7H/DPjulmh8rg==) seems to be corrupted. Trying again.
npm warn tarball tarball data for @babel/template@https://registry.npmjs.org/@babel/template/-/template-8.0.0.tgz (sha512-eAD0QW/AlbamBbw0FeGiwasbCVPq5ncW0HNVyLP3B9czqLyh4gvw+5JTSNt6le9+ziAU7mqDZsKTHf3jTb4chQ==) seems to be corrupted. Trying again.
npm warn tarball tarball data for @babel/parser@https://registry.npmjs.org/@babel/parser/-/parser-8.0.4.tgz (sha512-srpptsAkEbbNIC/q8nT7o+m6CQe8CJUTV/t7MYc9NnWlgYVtHOb7JH6SorxMhN0kuRJjVqXbKClG6xSbPtzz+g==) seems to be corrupted. Trying again.
npm warn tarball tarball data for @babel/helper-validator-option@https://registry.npmjs.org/@babel/helper-validator-option/-/helper-validator-option-8.0.0.tgz (sha512-U4Dybxh4WESWHt5XhBeExi4DrY0/DNK1aHpQbsrQXCUbFHuMweT0TpLEWKvaraV2Y6fS+ZXunsZ8zIuZIgvF2Q==) seems to be corrupted. Trying again.
npm warn tarball tarball data for @babel/helpers@https://registry.npmjs.org/@babel/helpers/-/helpers-8.0.0.tgz (sha512-wfbi91pM3py96oIiJEz7qIpyXDytgr9zQC1HEWwlGNVRAEmItuU/0a41ZUKu1sJGyhhOIpc4t5vk4PYzt8wpsg==) seems to be corrupted. Trying again.
npm warn tarball tarball data for @babel/helper-validator-identifier@https://registry.npmjs.org/@babel/helper-validator-identifier/-/helper-validator-identifier-8.0.4.tgz (sha512-4wFaiLd0bVo4cIoTXI3zKI038NIWE/cr3jvBjejOVYVxV/m8Ltav1USiGzG1fmS5J2RhgEOgXNNK46cRPnRsrg==) seems to be corrupted. Trying again.
npm warn tarball tarball data for @babel/helper-string-parser@https://registry.npmjs.org/@babel/helper-string-parser/-/helper-string-parser-8.0.0.tgz (sha512-6mJgmFFFIIO82vvoLt9XtRC7/TkzXfts1t/SpRX4IHSzMgqoPYCWesVu1udUPUWioAE/2fcG6WuI8zrkE1gwrg==) seems to be corrupted. Trying again.
npm warn tarball tarball data for @eslint/config-helpers@https://registry.npmjs.org/@eslint/config-helpers/-/config-helpers-0.7.0.tgz (sha512-DObd/KKUsU+FaFv4PLxSRenpXfQWmPXXP3pPZ6/K1PCrMu2vQpMDMuQe/BqYeoLcz8ro0bVDF1RxOJgfVEdhUw==) seems to be corrupted. Trying again.
npm warn tarball tarball data for @babel/helper-globals@https://registry.npmjs.org/@babel/helper-globals/-/helper-globals-8.0.0.tgz (sha512-lLozHOM6sWWlxNo8CYqHy4MBZeTvHXNgVPBfPOGsjPKUzHC2Az9QwB6gxdQmpwHl6GlQtbGgS+lj5887guDiLw==) seems to be corrupted. Trying again.
npm warn tarball tarball data for @babel/helper-split-export-declaration@https://registry.npmjs.org/@babel/helper-split-export-declaration/-/helper-split-export-declaration-7.24.7.tgz (sha512-oy5V7pD+UvfkEATUKvIjvIAH/xCzfsFVw7ygW2SI6NClZzquT+mwdTfgfdbUiceh6iQO0CHtCPsyze/MZ2YbAA==) seems to be corrupted. Trying again.
npm warn tarball tarball data for @babel/helper-compilation-targets@https://registry.npmjs.org/@babel/helper-compilation-targets/-/helper-compilation-targets-8.0.0.tgz (sha512-JwculLABZvyPvyLBpwU/E/IbH2uM3mnxNtIJpxnIfb24y1PrdVxK5Dqjle4DpgqpGRnwgC7G8IkzPdSXZrO1Ew==) seems to be corrupted. Trying again.
npm warn tarball tarball data for @babel/generator@https://registry.npmjs.org/@babel/generator/-/generator-8.0.0.tgz (sha512-NT9NrVwJsbSV6Y2FSstWa71EETOnzrjkL5/wX3D2mYHtKM+qvqB1DvR4D0Setb/gDBsHzRICifwEWMO8CnTF6g==) seems to be corrupted. Trying again.
npm warn tarball tarball data for @babel/core@https://registry.npmjs.org/@babel/core/-/core-8.0.1.tgz (sha512-5FgxM4dLQpMJHSiVATk8foW263dVHQHBVpXYiimNECVWG01f4nFyEbQixeT6Mwvg7TayREJ2gpKl3o2RoMdnqw==) seems to be corrupted. Trying again.
npm warn tarball tarball data for @babel/code-frame@https://registry.npmjs.org/@babel/code-frame/-/code-frame-8.0.0.tgz (sha512-dYYg153EyN2Ekbqw2zAsbd6/JR+9N2SEoC7YV2GyyqMM7x9bLDTjBD6XBhSMLH0wtIVyJj03jWNriQhaN+eoCw==) seems to be corrupted. Trying again.
npm warn tarball tarball data for @babel/compat-data@https://registry.npmjs.org/@babel/compat-data/-/compat-data-8.0.0.tgz (sha512-DOjnob/cXOUgDOozCDeq/aK2p5y8dUIVdf6tNhEV1HQRd6I8aQ4f4fbtHRVEvb6lP3BGomrKHiS8ICAASSVQSw==) seems to be corrupted. Trying again.
npm warn tarball tarball data for @asamuzakjp/dom-selector@https://registry.npmjs.org/@asamuzakjp/dom-selector/-/dom-selector-8.3.2.tgz (sha512-93Z1N+BQNXysodoicpOIyNh2drHfz/CTf9nnT0FEx72GJcIiwgydD7tGAr78j41LsYn3hlRn+LdGPuBLn1Bl8Q==) seems to be corrupted. Trying again.
npm warn tarball tarball data for @angular/router@https://registry.npmjs.org/@angular/router/-/router-22.1.1.tgz (sha512-sD+dN+UOAhdrqnOp3OWuR+O50msXFt+16OGL6RrM9af40iATkUbEAgU62N4KITKl4ACDisg8yhyb9J3dwCEyzQ==) seems to be corrupted. Trying again.
npm warn tarball tarball data for @apidevtools/json-schema-ref-parser@https://registry.npmjs.org/@apidevtools/json-schema-ref-parser/-/json-schema-ref-parser-14.2.1.tgz (sha512-HmdFw9CDYqM6B25pqGBpNeLCKvGPlIx1EbLrVL0zPvj50CJQUHyBNBw45Muk0kEIkogo1VZvOKHajdMuAzSxRg==) seems to be corrupted. Trying again.
npm warn tarball tarball data for @angular/material@https://registry.npmjs.org/@angular/material/-/material-22.1.1.tgz (sha512-wXNNstkLrUJwmP/cZl+C64chL5qH0WbnHIeYbiXrPwgriAD10prbVBoSq2CWbBrAhQ691pDdFKVSLG5tC224jg==) seems to be corrupted. Trying again.
npm warn tarball tarball data for @angular/platform-browser@https://registry.npmjs.org/@angular/platform-browser/-/platform-browser-22.1.1.tgz (sha512-u1HMINw++YTUzMbJB9zVhqch1iEiEl5vA88HjZYzoDagBcnIev30GRWI+QEy4Dy9GRg64hrCOl9Fke78dLQgYQ==) seems to be corrupted. Trying again.
npm warn tarball tarball data for @asamuzakjp/css-color@https://registry.npmjs.org/@asamuzakjp/css-color/-/css-color-6.0.7.tgz (sha512-vC/bk1Lz7Tn/EfU9/apOTBk80/8dyGyWMowPoV1tJ52muDGsDqt2HPT2klrFUiY60MQmQv9q8yIht15JnBgDGw==) seems to be corrupted. Trying again.
npm warn tarball tarball data for @angular/core@https://registry.npmjs.org/@angular/core/-/core-22.1.1.tgz (sha512-QFZNFzyFw9l1B1D7NCEU3YiLLBnMSejyp9mzJrzZ9vzc70BsewikcLFwuj+qqleqFmi5VW3f9GFNgwUq8dWGAg==) seems to be corrupted. Trying again.
npm warn tarball tarball data for @angular/compiler-cli@https://registry.npmjs.org/@angular/compiler-cli/-/compiler-cli-22.1.1.tgz (sha512-GLcwWqUg4i2eru3nKy989Me7483+ZPofnwgw9aMc96MWl8y8CD9CTrSff+fwh2/crUsQIqGg/uehIZRjISMD0A==) seems to be corrupted. Trying again.
npm warn tarball tarball data for @angular/cli@https://registry.npmjs.org/@angular/cli/-/cli-22.1.3.tgz (sha512-GB1Pv8CXAHXE2/hqiwSGD6JRIyT4wswadjH1j3DH2+6os1zc7CBm28/YtlKPPIHZKVOZLDqV6uW+bRQTtdOw2A==) seems to be corrupted. Trying again.
npm warn tarball tarball data for @angular/compiler@https://registry.npmjs.org/@angular/compiler/-/compiler-22.1.1.tgz (sha512-UfQZALwewk+WyE5fqrXT3CK0sxWXre4XojAvUdFQSZsVHTZEM1QD4FncuePa44I6BQMhfqQUvYNlqFnev4WOQg==) seems to be corrupted. Trying again.
npm warn tarball tarball data for @angular/forms@https://registry.npmjs.org/@angular/forms/-/forms-22.1.1.tgz (sha512-6c5IJaCw6hAsBYl+LeQARwV4eGxfHwHTlTWfCB5dOYjMSgCCjaivkNTCUepYXFo5Fkdvw1qDiWIpAfgusAxmww==) seems to be corrupted. Trying again.
npm warn tarball tarball data for @angular/common@https://registry.npmjs.org/@angular/common/-/common-22.1.1.tgz (sha512-5iiyPWqO3acpOPMcJWYtVbXF5z9wy43MFQQdd7wZPHfYOIC7c3KRnziWrRpELae+SkEB4srAYr6XIu9rQ743nw==) seems to be corrupted. Trying again.
npm warn tarball tarball data for @angular/cdk@https://registry.npmjs.org/@angular/cdk/-/cdk-22.1.1.tgz (sha512-P8YuW/r5MS8aeKF0NruktKGHQShOMctvhs3H/51BOwJrMZi5qtWJ40t1yqTrNnewSJIKI0/AroUEmEOqA9Ml9Q==) seems to be corrupted. Trying again.
npm warn tarball tarball data for @babel/helper-annotate-as-pure@https://registry.npmjs.org/@babel/helper-annotate-as-pure/-/helper-annotate-as-pure-8.0.0.tgz (sha512-NSpMkMsvvZqzThJ0p1B02cbtA2ObEyfBvq950bmNkyxsxvcxwhvvCB036rKhlEnuBBo30bOrk13u3FzlKSoRrw==) seems to be corrupted. Trying again.
npm warn tarball tarball data for @angular/animations@https://registry.npmjs.org/@angular/animations/-/animations-22.1.1.tgz (sha512-97+EXulzVZ7+5pFqS7mooiZxNKu7eh/vv4BIWaatjLBg2Ctpv2nHotXcWMMfD4gpX6skCdJWluSnmDP1iPc2ig==) seems to be corrupted. Trying again.
npm warn tarball tarball data for @angular-eslint/template-parser@https://registry.npmjs.org/@angular-eslint/template-parser/-/template-parser-22.1.0.tgz (sha512-gcufZLI/Rl2fOWtBk2MgMRkH1t+OrbJGxIsfT0w3pVjKm0zwi7njM/dtPbVjCHzsGhx7szQMvY0i0UwTBVYkSw==) seems to be corrupted. Trying again.
npm warn tarball tarball data for @angular-eslint/utils@https://registry.npmjs.org/@angular-eslint/utils/-/utils-22.1.0.tgz (sha512-zDPJqgOxlkG20UJWsVDSvnEtC2MfIP0+yKMaQUBL+2nrEknV/fVLrz7ApnerWiDrGTcAms5si49KV10MarMpRA==) seems to be corrupted. Trying again.
npm warn tarball tarball data for @angular-eslint/schematics@https://registry.npmjs.org/@angular-eslint/schematics/-/schematics-22.1.0.tgz (sha512-/Z7MEO9ys9P5w5itM2mpNW4R/QNAVxtDdcU5LVFulSx/lo7zCDx1rZ/tLDuzbN5k5RGQy5ZkdRIs0MoscsGXQQ==) seems to be corrupted. Trying again.
npm warn tarball tarball data for @angular/build@https://registry.npmjs.org/@angular/build/-/build-22.1.3.tgz (sha512-Hjen3LcVZUCNZy+epgO+/PMUpD/L8Y4vODS+Q8F0Lkva7YWQwycbJtrEr6xvFfMxp6xexxxIwB9+5b8voKSihQ==) seems to be corrupted. Trying again.
npm warn tarball tarball data for @angular-eslint/eslint-plugin-template@https://registry.npmjs.org/@angular-eslint/eslint-plugin-template/-/eslint-plugin-template-22.1.0.tgz (sha512-GK/Mwhwvj+MX6DefD29/IfuYjcai5CsCbYJ6Qb9P6IAzZaQqw+EN+CiXxIwzMnzm2edLcJzAsX8iBk4X7sVi2Q==) seems to be corrupted. Trying again.
npm warn tarball tarball data for @angular-eslint/eslint-plugin@https://registry.npmjs.org/@angular-eslint/eslint-plugin/-/eslint-plugin-22.1.0.tgz (sha512-nRwdbUiW7vF0gbwtxw2hRGPZYZCNWOTLZKw4HM+I37o5YFIA0CFLtbyRKgZWs6JZCIqzTYSwCyKNsW41Qw0FwQ==) seems to be corrupted. Trying again.
npm warn tarball tarball data for @angular-eslint/builder@https://registry.npmjs.org/@angular-eslint/builder/-/builder-22.1.0.tgz (sha512-gmdk06PK0whNJlapIQjRnhud2/n+oIIDBIoLUHWFFxhHRs+ZstVc6+81gf+sYDOm1Ehmb0V3nZAg3YpT1Mk0Eg==) seems to be corrupted. Trying again.
npm warn tarball tarball data for @angular-devkit/core@https://registry.npmjs.org/@angular-devkit/core/-/core-22.1.3.tgz (sha512-ASK8oZVElt/Zpz5FrzJjLnnUbzp/fW57eFFSRgpA+n9KRnuFi6YvNdSS3HkG5049Jcukce+PiMBdfzw/jBVkEw==) seems to be corrupted. Trying again.
npm warn tarball tarball data for @angular-eslint/bundled-angular-compiler@https://registry.npmjs.org/@angular-eslint/bundled-angular-compiler/-/bundled-angular-compiler-22.1.0.tgz (sha512-iOtOQ2jtrtko1rIQo6i+g3ezxGL0lyYv80j4GccFTK1JGh4K+AqYkmaBvfUfNtqoE/7VcKsOoyxaFt6iIpKhaQ==) seems to be corrupted. Trying again.
npm warn tarball tarball data for @angular-devkit/schematics@https://registry.npmjs.org/@angular-devkit/schematics/-/schematics-22.1.3.tgz (sha512-ebY5bwZVB0onxxyTbJch//VidVVV8jo/F13n+TV5s/3ZywsC3/XZsfMHaxlFmpvP/G17+/C9JVoEXT+uwjT+/Q==) seems to be corrupted. Trying again.
npm warn tarball tarball data for @ampproject/remapping@https://registry.npmjs.org/@ampproject/remapping/-/remapping-2.3.0.tgz (sha512-30iZtAPgz+LTIYoeivqYo853f02jBYSd5uGnGpkFV0M3xOt9aN73erkgYAmZU43x4VfqcnLxW9Kpg3R5LC4YYw==) seems to be corrupted. Trying again.
npm warn tarball tarball data for @angular-devkit/architect@https://registry.npmjs.org/@angular-devkit/architect/-/architect-0.2201.3.tgz (sha512-5WX6rooTQZCh+yE9k3O5hc7nnQtzy1nw6fQpaTuCzIgPG8teQuVtdxegBsM3OcjJac1r+qJLo+KmTRfnqcfsyg==) seems to be corrupted. Trying again.
npm warn tarball tarball data for @csstools/css-parser-algorithms@https://registry.npmjs.org/@csstools/css-parser-algorithms/-/css-parser-algorithms-4.0.0.tgz (sha512-+B87qS7fIG3L5h3qwJ/IFbjoVoOe/bpOdh9hAjXbvx0o8ImEmUsGXN0inFOnk2ChCFgqkkGFQ+TpM5rbhkKe4w==) seems to be corrupted. Trying again.
npm warn tarball tarball data for string-width@https://registry.npmjs.org/string-width/-/string-width-7.2.0.tgz (sha512-tsaTIkKW9b4N+AEj+SVA+WhJzV7/zMhcSu78mLKWSk7cXMOSHsBKFWUs0fWwq8QyK3MgJBQRX6Gbi4kYbdvGkQ==) seems to be corrupted. Trying again.
npm warn tarball tarball data for magic-string@https://registry.npmjs.org/magic-string/-/magic-string-0.30.21.tgz (sha512-vd2F4YUyEXKGcLHoq+TEyCjxueSeHnFxyyjNp80yg0XV4vUhnDer/lvvlqM/arB5bXQN5K2/3oinyCRyx8T2CQ==) seems to be corrupted. Trying again.
npm warn tarball tarball data for rolldown@https://registry.npmjs.org/rolldown/-/rolldown-1.1.5.tgz (sha512-t9z29cJjXf/vxQ8dyhCSpt6H6aSwHTk8cT5I3iy6SMXuFpk5mB6PL6XfC8PCwrPTx93udwKUm9HRteAlTGBLiA==) seems to be corrupted. Trying again.
npm warn tarball tarball data for @rolldown/binding-linux-x64-gnu@https://registry.npmjs.org/@rolldown/binding-linux-x64-gnu/-/binding-linux-x64-gnu-1.1.5.tgz (sha512-FjcpEKUyJygHgs1o50VYNvkt5+7Le/VEdYt0AkRpkL33MnyQfwr8l5mXwMmfmTbyMPr5vJLC+8/Gd9gXnwU1QQ==) seems to be corrupted. Trying again.
npm warn tarball tarball data for @oxc-project/types@https://registry.npmjs.org/@oxc-project/types/-/types-0.139.0.tgz (sha512-r9gHphtCs+1M7J0pw6Sn/hh/Wpa/iQrOOkrNAlVLF/gHq+/CJmHIWKKUUhdWjcD6CIa8idarspCsASiXCXvFUw==) seems to be corrupted. Trying again.
npm warn tarball tarball data for content-type@https://registry.npmjs.org/content-type/-/content-type-2.0.0.tgz (sha512-j/O/d7GcZCyNl7/hwZAb606rzqkyvaDctLmckbxLzHvFBzTJHuGEdodATcP3yIRoDrLHkIATJuvzbFlp/ki2cQ==) seems to be corrupted. Trying again.
npm warn tarball tarball data for source-map@https://registry.npmjs.org/source-map/-/source-map-0.6.1.tgz (sha512-UjgapumWlbMhkBgzT7Ykc5YXUT46F0iKu8SGXq0bcwP5dz/h0Plj6enJqjz1Zbq2l5WaqYnrVbwWOWMyF3F47g==) seems to be corrupted. Trying again.
npm warn tarball tarball data for entities@https://registry.npmjs.org/entities/-/entities-8.0.0.tgz (sha512-zwfzJecQ/Uej6tusMqwAqU/6KL2XaB2VZ2Jg54Je6ahNBGNH6Ek6g3jjNCF0fG9EWQKGZNddNjU5F1ZQn/sBnA==) seems to be corrupted. Trying again.
npm warn tarball tarball data for @oxc-project/types@https://registry.npmjs.org/@oxc-project/types/-/types-0.140.0.tgz (sha512-h5LUOzGArYemnW1NMz/DuuQhBi96J6JL2Bk8zE4kvqxB5Sg3jxmCiH4uyOWHDkiKSt5vWlG4FIwCR/DbstcNRQ==) seems to be corrupted. Trying again.
npm warn tarball tarball data for entities@https://registry.npmjs.org/entities/-/entities-8.0.0.tgz (sha512-zwfzJecQ/Uej6tusMqwAqU/6KL2XaB2VZ2Jg54Je6ahNBGNH6Ek6g3jjNCF0fG9EWQKGZNddNjU5F1ZQn/sBnA==) seems to be corrupted. Trying again.
npm warn tarball tarball data for wrap-ansi@https://registry.npmjs.org/wrap-ansi/-/wrap-ansi-9.0.2.tgz (sha512-42AtmgqjV+X1VpdOfyTGOYRi0/zsoLqtXQckTmqTeybT+BDIbM/Guxo7x3pE2vtpr1ok6xRqM9OpBe+Jyoqyww==) seems to be corrupted. Trying again.
npm warn tarball tarball data for string-width@https://registry.npmjs.org/string-width/-/string-width-7.2.0.tgz (sha512-tsaTIkKW9b4N+AEj+SVA+WhJzV7/zMhcSu78mLKWSk7cXMOSHsBKFWUs0fWwq8QyK3MgJBQRX6Gbi4kYbdvGkQ==) seems to be corrupted. Trying again.
npm warn tarball tarball data for slice-ansi@https://registry.npmjs.org/slice-ansi/-/slice-ansi-7.1.2.tgz (sha512-iOBWFgUX7caIZiuutICxVgX1SdxwAVFFKwt1EvMYYec/NWO5meOJ6K5uQxhrYBdQJne4KxiqZc+KptFOWFSI9w==) seems to be corrupted. Trying again.
npm warn tarball tarball data for entities@https://registry.npmjs.org/entities/-/entities-7.0.1.tgz (sha512-TWrgLOFUQTH994YUyl1yT4uyavY5nNB5muff+RtWaqNVCAK408b5ZnnbNAUEWLTCpum9w6arT70i1XdQ4UeOPA==) seems to be corrupted. Trying again.
npm warn tarball tarball data for ignore@https://registry.npmjs.org/ignore/-/ignore-5.3.2.tgz (sha512-hsBTNUqQTDwkWtcdYI2i06Y/nUBEsNEDJKjWdigLvegy8kDuJAS8uRlpkkcQpyEXL0Z/pjDy5HBmMjRCJ2gq+g==) seems to be corrupted. Trying again.
npm warn tarball tarball data for json-schema-traverse@https://registry.npmjs.org/json-schema-traverse/-/json-schema-traverse-0.4.1.tgz (sha512-xbbCH5dCYU5T8LcEhhuh7HJ88HXuW3qsI3Y0zOZFKfZEHcpWiHU/Jxzk629Brsab/mMiHQti9wMP+845RPe3Vg==) seems to be corrupted. Trying again.
npm warn tarball tarball data for source-map@https://registry.npmjs.org/source-map/-/source-map-0.6.1.tgz (sha512-UjgapumWlbMhkBgzT7Ykc5YXUT46F0iKu8SGXq0bcwP5dz/h0Plj6enJqjz1Zbq2l5WaqYnrVbwWOWMyF3F47g==) seems to be corrupted. Trying again.
npm warn tarball tarball data for eslint-visitor-keys@https://registry.npmjs.org/eslint-visitor-keys/-/eslint-visitor-keys-5.0.1.tgz (sha512-tD40eHxA35h0PEIZNeIjkHoDR4YjjJp34biM0mDvplBe//mB+IHCqHDGV7pxF+7MklTvighcCPPZC7ynWyjdTA==) seems to be corrupted. Trying again.
npm warn tarball tarball data for eslint-visitor-keys@https://registry.npmjs.org/eslint-visitor-keys/-/eslint-visitor-keys-5.0.1.tgz (sha512-tD40eHxA35h0PEIZNeIjkHoDR4YjjJp34biM0mDvplBe//mB+IHCqHDGV7pxF+7MklTvighcCPPZC7ynWyjdTA==) seems to be corrupted. Trying again.
npm warn tarball tarball data for wrap-ansi@https://registry.npmjs.org/wrap-ansi/-/wrap-ansi-9.0.2.tgz (sha512-42AtmgqjV+X1VpdOfyTGOYRi0/zsoLqtXQckTmqTeybT+BDIbM/Guxo7x3pE2vtpr1ok6xRqM9OpBe+Jyoqyww==) seems to be corrupted. Trying again.
npm warn tarball tarball data for whatwg-url@https://registry.npmjs.org/whatwg-url/-/whatwg-url-16.0.1.tgz (sha512-1to4zXBxmXHV3IiSSEInrreIlu02vUOvrhxJJH5vcxYTBDAx51cqZiKdyTxlecdKNSjj8EcxGBxNf6Vg+945gw==) seems to be corrupted. Trying again.
npm warn tarball tarball data for content-type@https://registry.npmjs.org/content-type/-/content-type-2.0.0.tgz (sha512-j/O/d7GcZCyNl7/hwZAb606rzqkyvaDctLmckbxLzHvFBzTJHuGEdodATcP3yIRoDrLHkIATJuvzbFlp/ki2cQ==) seems to be corrupted. Trying again.
npm warn tarball tarball data for string-width@https://registry.npmjs.org/string-width/-/string-width-7.2.0.tgz (sha512-tsaTIkKW9b4N+AEj+SVA+WhJzV7/zMhcSu78mLKWSk7cXMOSHsBKFWUs0fWwq8QyK3MgJBQRX6Gbi4kYbdvGkQ==) seems to be corrupted. Trying again.
npm warn tarball tarball data for ajv@https://registry.npmjs.org/ajv/-/ajv-6.15.0.tgz (sha512-fgFx7Hfoq60ytK2c7DhnF8jIvzYgOMxfugjLOSMHjLIPgenqa7S7oaagATUq99mV6IYvN2tRmC0wnTYX6iPbMw==) seems to be corrupted. Trying again.
npm warn tarball tarball data for convert-source-map@https://registry.npmjs.org/convert-source-map/-/convert-source-map-2.0.0.tgz (sha512-Kvp459HrV2FEJ1CAsi1Ku+MY3kasH19TFykTz2xWmMeq6bk2NU3XXvfJ+Q61m0xktWwt+1HSYf3JZsTms3aRJg==) seems to be corrupted. Trying again.
npm warn tarball tarball data for magic-string@https://registry.npmjs.org/magic-string/-/magic-string-0.30.21.tgz (sha512-vd2F4YUyEXKGcLHoq+TEyCjxueSeHnFxyyjNp80yg0XV4vUhnDer/lvvlqM/arB5bXQN5K2/3oinyCRyx8T2CQ==) seems to be corrupted. Trying again.
npm warn tarball tarball data for magic-string@https://registry.npmjs.org/magic-string/-/magic-string-0.30.21.tgz (sha512-vd2F4YUyEXKGcLHoq+TEyCjxueSeHnFxyyjNp80yg0XV4vUhnDer/lvvlqM/arB5bXQN5K2/3oinyCRyx8T2CQ==) seems to be corrupted. Trying again.
npm warn tarball tarball data for eslint-visitor-keys@https://registry.npmjs.org/eslint-visitor-keys/-/eslint-visitor-keys-5.0.1.tgz (sha512-tD40eHxA35h0PEIZNeIjkHoDR4YjjJp34biM0mDvplBe//mB+IHCqHDGV7pxF+7MklTvighcCPPZC7ynWyjdTA==) seems to be corrupted. Trying again.
npm warn tarball tarball data for node-addon-api@https://registry.npmjs.org/node-addon-api/-/node-addon-api-7.1.1.tgz (sha512-5m3bsyrjFWE1xf7nz7YXdN4udnVtXK6/Yfgn5qnahL6bCkf2yKt4k3nuTKAtT4r3IG8JNR2ncsIMdZuAzJjHQQ==) seems to be corrupted. Trying again.
npm warn tarball tarball data for @babel/helper-validator-identifier@https://registry.npmjs.org/@babel/helper-validator-identifier/-/helper-validator-identifier-7.29.7.tgz (sha512-qehxGkRj55h/ff8EMaJ+cYhyaKlHIxqYDn682wQD7RNp9UujOQsHog2uS0r2vzr4pW+sXf90NeeayjcNaX3fFg==) seems to be corrupted. Trying again.
npm warn tarball tarball data for @babel/types@https://registry.npmjs.org/@babel/types/-/types-7.29.8.tgz (sha512-Vj1jF3cPfxg7OAfoI7QnVKLoILlm2JF9pnVHrX8qx7AHMiYWT+NDAA7jChlNgRS4WTLc/fD1lXLmPixluj+3Gg==) seems to be corrupted. Trying again.
npm warn tarball tarball data for @babel/helper-string-parser@https://registry.npmjs.org/@babel/helper-string-parser/-/helper-string-parser-7.29.7.tgz (sha512-Pb5ijPrZ89GDH8223L4UP8i6QApWxs04RbPQJTeWDV0/keR2E36MeKnyr6LYmUUvqRRI+Iv87SuF1W6ErINzYw==) seems to be corrupted. Trying again.
npm warn tarball tarball data for convert-source-map@https://registry.npmjs.org/convert-source-map/-/convert-source-map-2.0.0.tgz (sha512-Kvp459HrV2FEJ1CAsi1Ku+MY3kasH19TFykTz2xWmMeq6bk2NU3XXvfJ+Q61m0xktWwt+1HSYf3JZsTms3aRJg==) seems to be corrupted. Trying again.
npm warn tarball tarball data for listr2@https://registry.npmjs.org/listr2/-/listr2-10.2.2.tgz (sha512-JtNtbZj8q5BnDMR7trpwvwk3RIrANtIVzEUm8w7amp6xelLgyuq+4WZoTH913XaQAoH/cNdYhaNzBPA2U3xbDw==) seems to be corrupted. Trying again.
npm warn tarball tarball data for listr2@https://registry.npmjs.org/listr2/-/listr2-10.2.2.tgz (sha512-JtNtbZj8q5BnDMR7trpwvwk3RIrANtIVzEUm8w7amp6xelLgyuq+4WZoTH913XaQAoH/cNdYhaNzBPA2U3xbDw==) seems to be corrupted. Trying again.
npm warn tarball tarball data for zod@https://registry.npmjs.org/zod/-/zod-4.4.3.tgz (sha512-ytENFjIJFl2UwYglde2jchW2Hwm4GJFLDiSXWdTrJQBIN9Fcyp7n4DhxJEiWNAJMV1/BqWfW/kkg71UDcHJyTQ==) seems to be corrupted. Trying again.
npm warn tarball tarball data for xml-name-validator@https://registry.npmjs.org/xml-name-validator/-/xml-name-validator-5.0.0.tgz (sha512-EvGK8EJ3DhaHfbRlETOWAS5pO9MZITeauHKJyb8wyajUfQUenkIg2MvLDTZ4T/TgIcm3HU0TFBgWWboAZ30UHg==) seems to be corrupted. Trying again.
npm warn tarball tarball data for wrappy@https://registry.npmjs.org/wrappy/-/wrappy-1.0.2.tgz (sha512-l4Sp/DRseor9wL6EvV2+TuQn63dMkPjZ/sp9XkghTEbV9KlPS1xUsZ3u7/IQO4wxtcFB4bgpQPRcR3QCvezPcQ==) seems to be corrupted. Trying again.
npm warn tarball tarball data for which@https://registry.npmjs.org/which/-/which-2.0.2.tgz (sha512-BLI3Tl1TW3Pvl70l3yq3Y64i+awpwXqsGBYWkkqMtnbXgrMD+yj7rhW0kuEDxzJaYXGjEW5ogapKNMEKNMjibA==) seems to be corrupted. Trying again.
npm warn tarball tarball data for zod-to-json-schema@https://registry.npmjs.org/zod-to-json-schema/-/zod-to-json-schema-3.25.2.tgz (sha512-O/PgfnpT1xKSDeQYSCfRI5Gy3hPf91mKVDuYLUHZJMiDFptvP41MSnWofm8dnCm0256ZNfZIM7DSzuSMAFnjHA==) seems to be corrupted. Trying again.
npm warn tarball tarball data for wrap-ansi@https://registry.npmjs.org/wrap-ansi/-/wrap-ansi-10.0.0.tgz (sha512-SGcvg80f0wUy2/fXES19feHMz8E0JoXv2uNgHOu4Dgi2OrCy1lqwFYEJz1BLbDI0exjPMe/ZdzZ/YpGECBG/aQ==) seems to be corrupted. Trying again.
npm warn tarball tarball data for whatwg-url@https://registry.npmjs.org/whatwg-url/-/whatwg-url-17.1.0.tgz (sha512-3GeworPmc2ZfEEHP7lEbUfBX/L75wdEsi0rLNhXcXxnoN5jyq0SL5gCy06SGW2cyTIZdTvWIDQNQoza++vKeaw==) seems to be corrupted. Trying again.
npm warn tarball tarball data for yocto-queue@https://registry.npmjs.org/yocto-queue/-/yocto-queue-0.1.0.tgz (sha512-rVksvsnNCdJ/ohGc6xgPwyN8eheCxsiLM8mxuE/t/mOVqJewPuO1miLpTHQiRgTKCLexL4MeAFVagts7HmNZ2Q==) seems to be corrupted. Trying again.
npm warn tarball tarball data for wordwrap@https://registry.npmjs.org/wordwrap/-/wordwrap-1.0.0.tgz (sha512-gvVzJFlPycKc5dZN4yPkP8w7Dc37BtP1yczEneOb4uq34pXZcvrtRTmWV8W+Ume+XCxKgbjM+nevkyFPMybd4Q==) seems to be corrupted. Trying again.
npm warn tarball tarball data for yargs@https://registry.npmjs.org/yargs/-/yargs-18.0.0.tgz (sha512-4UEqdc2RYGHZc7Doyqkrqiln3p9X2DZVxaGbwhn2pi7MrRagKaOcIKe8L3OxYcbhXLgLFUS3zAYuQjKBQgmuNg==) seems to be corrupted. Trying again.
npm warn tarball tarball data for xmlchars@https://registry.npmjs.org/xmlchars/-/xmlchars-2.2.0.tgz (sha512-JZnDKK8B0RCDw84FNdDAIpZK+JuJw+s7Lz8nksI7SIuU3UXJJslUthsi+uWBUYOwPFwW7W7PRLRfUKpxjtjFCw==) seems to be corrupted. Trying again.
npm warn tarball tarball data for yargs-parser@https://registry.npmjs.org/yargs-parser/-/yargs-parser-22.0.0.tgz (sha512-rwu/ClNdSMpkSrUb+d6BRsSkLUq1fmfsY6TOpYzTwvwkg1/NRG85KBy3kq++A8LKQwX6lsu+aWad+2khvuXrqw==) seems to be corrupted. Trying again.
npm warn tarball tarball data for y18n@https://registry.npmjs.org/y18n/-/y18n-5.0.8.tgz (sha512-0pfFzegeDWJHJIAmTLRP2DwHjdF5s7jo9tuztdQxAhINCdvS+3nGINqPd00AphqJR/0LhANUS6/+7SCb98YOfA==) seems to be corrupted. Trying again.
npm warn tarball tarball data for yoctocolors@https://registry.npmjs.org/yoctocolors/-/yoctocolors-2.2.0.tgz (sha512-xYqdZFUK/VYazNl/oCDYN+3WloWQwMfZxBoiNt6qNyk+xfOdi598muWE42rNZFp1kNOiqW936q5RhUdnpqElSg==) seems to be corrupted. Trying again.
npm warn tarball tarball data for whatwg-mimetype@https://registry.npmjs.org/whatwg-mimetype/-/whatwg-mimetype-5.0.0.tgz (sha512-sXcNcHOC51uPGF0P/D4NVtrkjSU2fNsm9iog4ZvZJsL3rjoDAzXZhkm2MWt1y+PUdggKAYVoMAIYcs78wJ51Cw==) seems to be corrupted. Trying again.
npm warn tarball tarball data for watchpack@https://registry.npmjs.org/watchpack/-/watchpack-2.5.2.tgz (sha512-6i/00NBjP4yGPs+caKSyRfpTF/8Torsu0MOW3mMzIbhgISFder8i7xbqgHlLMwJrdiN8ndBV3UA1/AfzPSr+jg==) seems to be corrupted. Trying again.
npm warn tarball tarball data for weak-lru-cache@https://registry.npmjs.org/weak-lru-cache/-/weak-lru-cache-1.2.2.tgz (sha512-DEAoo25RfSYMuTGc9vPJzZcZullwIqRDSI9LOy+fkCJPi6hykCnfKaXTuPBDuXAUcqHXyOgFtHNp/kB2FjYHbw==) seems to be corrupted. Trying again.
npm warn tarball tarball data for webidl-conversions@https://registry.npmjs.org/webidl-conversions/-/webidl-conversions-8.0.1.tgz (sha512-BMhLD/Sw+GbJC21C/UgyaZX41nPt8bUTg+jWyDeg7e7YN4xOM05YPSIXceACnXVtqyEw/LMClUQMtMZ+PGGpqQ==) seems to be corrupted. Trying again.
npm warn tarball tarball data for vitest@https://registry.npmjs.org/vitest/-/vitest-4.1.10.tgz (sha512-R9jUTe5S4Qb0HCd4TNqpC7oGcrMssMRGXLW80ubjWsW9VH5GF8y1Y0SFLY9AbqSk6nt0PnOx4H4WNJYZ13GUPw==) seems to be corrupted. Trying again.
npm warn tarball tarball data for w3c-xmlserializer@https://registry.npmjs.org/w3c-xmlserializer/-/w3c-xmlserializer-5.0.0.tgz (sha512-o8qghlI8NZHU1lLPrpi2+Uq7abh4GGPpYANlalzWxyWteJOCsr/P+oPBA49TOLu5FTZO4d3F9MnWJfiMo4BkmA==) seems to be corrupted. Trying again.
npm warn tarball tarball data for vite@https://registry.npmjs.org/vite/-/vite-8.1.5.tgz (sha512-7ULLwsCdYx/nRyrpiEwvqb5TFHrMVZyBt+rg/OAXT7rgj/z+DtTDyKFeLAdDkubDVDKD8jOsndmy7m55XcfUsw==) seems to be corrupted. Trying again.
npm warn tarball tarball data for vary@https://registry.npmjs.org/vary/-/vary-1.1.2.tgz (sha512-BNGbWLfd0eUPabhkXUVm0j8uuvREyTh5ovRa/dyow/BqAbZJyC+5fU+IzQOzmAKzYqYRAISoRhdQr3eIZ/PXqg==) seems to be corrupted. Trying again.
npm warn tarball tarball data for validate-npm-package-name@https://registry.npmjs.org/validate-npm-package-name/-/validate-npm-package-name-8.0.0.tgz (sha512-SCv6OOV6Xj2/3cXy3dGmADluJTNcL3o7hZAglNPTe+WYuEuvxgJzxPrSDLZhF+CwyQOubqgecjMmTJGMVLWjYQ==) seems to be corrupted. Trying again.
npm warn tarball tarball data for uri-js@https://registry.npmjs.org/uri-js/-/uri-js-4.4.1.tgz (sha512-7rKUyy33Q1yc98pQ1DAmLtwX109F7TIfWlW1Ydo8Wl1ii1SeHieeh0HHfPeL2fMXK6z0s8ecKs9frCuLJvndBg==) seems to be corrupted. Trying again.
npm warn tarball tarball data for unpipe@https://registry.npmjs.org/unpipe/-/unpipe-1.0.0.tgz (sha512-pjy2bYhSsufwWlKwPc+l3cN7+wuJlK6uz0YdJEOlQDbl6jo/YlPi4mb8agUkVC8BF7V8NuzeyPNqRksA3hztKQ==) seems to be corrupted. Trying again.
npm warn tarball tarball data for update-browserslist-db@https://registry.npmjs.org/update-browserslist-db/-/update-browserslist-db-1.2.3.tgz (sha512-Js0m9cx+qOgDxo0eMiFGEueWztz+d4+M3rGlmKPT+T4IS/jP4ylw3Nwpu6cpTTP8R1MAC1kF4VbdLt3ARf209w==) seems to be corrupted. Trying again.
npm warn tarball tarball data for universalify@https://registry.npmjs.org/universalify/-/universalify-2.0.1.tgz (sha512-gptHNQghINnc/vTGIk0SOFGFNXw7JVrlRUtConJRlvaw6DuX0wO5Jeko9sWrMBhh+PsYAZ7oXAiOnf/UKogyiw==) seems to be corrupted. Trying again.
npm warn tarball tarball data for undici@https://registry.npmjs.org/undici/-/undici-8.10.0.tgz (sha512-HvltHd7avK13QIw/oLe4qoOLyoVSoafqJ2jYOrtMRBkbYT31eiBQ8O0ehRKZiEZCMEyLFQNIADpgCWC5fALvYQ==) seems to be corrupted. Trying again.
npm warn tarball tarball data for typescript-eslint@https://registry.npmjs.org/typescript-eslint/-/typescript-eslint-8.67.0.tgz (sha512-S2udFs8tCKEKffuJ4TB1idGUZiXdCPGi3IPBGWXarbLQ5UPXORV8QEVzJ4gCRduURMb5EkpNCdjbk0eDIuI8Yg==) seems to be corrupted. Trying again.
npm warn tarball tarball data for word-wrap@https://registry.npmjs.org/word-wrap/-/word-wrap-1.2.5.tgz (sha512-BN22B5eaMMI9UMtjrGd5g5eCYPpCPDUy0FJXbYsaT5zYxjFOckS53SQDE3pWkVoWpHXVb3BrYcEN4Twa55B5cA==) seems to be corrupted. Trying again.
npm warn tarball tarball data for type-check@https://registry.npmjs.org/type-check/-/type-check-0.4.0.tgz (sha512-XleUoc9uwGXqjWwXaUTZAmzMcFZ5858QA2vvx1Ur5xIcixXIP+8LnFDgRplU30us6teqdlskFfu+ae4K79Ooew==) seems to be corrupted. Trying again.
npm warn tarball tarball data for type-is@https://registry.npmjs.org/type-is/-/type-is-2.1.0.tgz (sha512-faYHw0anBbc/kWF3zFTEnxSFOAGUX9GFbOBthvDdLsIlEoWOFOtS0zgCiQYwIskL9iGXZL3kAXD8OoZ4GmMATA==) seems to be corrupted. Trying again.
npm warn tarball tarball data for tslib@https://registry.npmjs.org/tslib/-/tslib-2.8.1.tgz (sha512-oJFu94HQb+KVduSUQL7wnpmqnfmLsOA/nAh6b6EH0wCEoK0/mPeXU6c3wKDV83MkOuHPRHtSXKKU99IBazS/2w==) seems to be corrupted. Trying again.
npm warn tarball tarball data for ts-api-utils@https://registry.npmjs.org/ts-api-utils/-/ts-api-utils-2.5.0.tgz (sha512-OJ/ibxhPlqrMM0UiNHJ/0CKQkoKF243/AEmplt3qpRgkW8VG7IfOS41h7V8TjITqdByHzrjcS/2si+y4lIh8NA==) seems to be corrupted. Trying again.
npm warn tarball tarball data for tr46@https://registry.npmjs.org/tr46/-/tr46-6.0.0.tgz (sha512-bLVMLPtstlZ4iMQHpFHTR7GAGj2jxi8Dg0s2h2MafAE4uSWF98FC/3MomU51iQAMf8/qDUbKWf5GxuvvVcXEhw==) seems to be corrupted. Trying again.
npm warn tarball tarball data for toidentifier@https://registry.npmjs.org/toidentifier/-/toidentifier-1.0.1.tgz (sha512-o5sSPKEkg/DIQNmH43V0/uerLrpzVedkUh8tGNvaeXpfpuwjKenlSox/2O/BTlZUtEe+JG7s5YhEz608PlAHRA==) seems to be corrupted. Trying again.
npm warn tarball tarball data for uglify-js@https://registry.npmjs.org/uglify-js/-/uglify-js-3.19.3.tgz (sha512-v3Xu+yuwBXisp6QYTcH4UbH+xYJXqnq2m/LtQVWKWzYc1iehYnLixoQDN9FH6/j9/oybfd6W9Ghwkl8+UMKTKQ==) seems to be corrupted. Trying again.
npm warn tarball tarball data for tldts-core@https://registry.npmjs.org/tldts-core/-/tldts-core-7.4.10.tgz (sha512-KnQjp53ZekKgm/r3l+u8kJGGzYgrWdP8+Mql7a4vijh2WE0IrZWspQj/TpTxDho/YxO+AnOZnIjQcCD+q6iJsw==) seems to be corrupted. Trying again.
npm warn tarball tarball data for tldts@https://registry.npmjs.org/tldts/-/tldts-7.4.10.tgz (sha512-GgouD1B+sWwvkaEq8vXC15DjQitxbvs12oIXELpconwm+Tg3zfcEv4jgzq3vtKverDXsg3VI8aRgNL2Nra0Iog==) seems to be corrupted. Trying again.
npm warn tarball tarball data for tinyrainbow@https://registry.npmjs.org/tinyrainbow/-/tinyrainbow-3.1.1.tgz (sha512-yau8yJdTt989Mm0Bd/236QnzEiPf2xLLTqUZRUJOo/3CB078LSwzei343DgtJVmfJKJE3TMINY1u42SQsP6mXw==) seems to be corrupted. Trying again.
npm warn tarball tarball data for tinyglobby@https://registry.npmjs.org/tinyglobby/-/tinyglobby-0.2.17.tgz (sha512-wXR/dYpcqKmfWpEdZjiKJOwCNFndD0DMnrW/cYjVGttEkBfVgcLFHoNrlj47mjOVic9yyNu65alsgF4NQyTa2g==) seems to be corrupted. Trying again.
npm warn tarball tarball data for tinyexec@https://registry.npmjs.org/tinyexec/-/tinyexec-1.3.0.tgz (sha512-QKAl9m8gWWGHV8jZcPeym6j+XULi6tOf1mT83WYJ4Lk2ytW/uwAWkrP0uFsdoYMdueVJ0qs26wZ+23xeB4ibNQ==) seems to be corrupted. Trying again.
npm warn tarball tarball data for tinybench@https://registry.npmjs.org/tinybench/-/tinybench-2.9.0.tgz (sha512-0+DUvqWMValLmha6lr4kD8iAMK1HzV0/aKnCtWb9v9641TnP/MFb7Pc2bxoxQjTXAErryXVgUOfv2YqNllqGeg==) seems to be corrupted. Trying again.
npm warn tarball tarball data for tough-cookie@https://registry.npmjs.org/tough-cookie/-/tough-cookie-6.0.2.tgz (sha512-exgYmnmL/sJpR3upZfXG5PoatXQii55xAiXGXzY+sROLZ/Y+SLcp9PgJNI9Vz37HpQ74WvDcLT8eqm+kV3FzrA==) seems to be corrupted. Trying again.
npm warn tarball tarball data for why-is-node-running@https://registry.npmjs.org/why-is-node-running/-/why-is-node-running-2.3.0.tgz (sha512-hUrmaWBdVDcxvYqnyh09zunKzROWjbZTiNy8dBEjkS7ehEDQibXJ7XvlmtbwuTclUiIyN+CyXQD4Vmko8fNm8w==) seems to be corrupted. Trying again.
npm warn tarball tarball data for strip-ansi@https://registry.npmjs.org/strip-ansi/-/strip-ansi-7.2.0.tgz (sha512-yDPMNjp4WyfYBkHnjIRLfca1i6KMyGCtsVgoKe/z1+6vukgaENdgGBZt+ZmKPc4gavvEZ5OgHfHdrazhgNyG7w==) seems to be corrupted. Trying again.
npm warn tarball tarball data for strip-json-comments@https://registry.npmjs.org/strip-json-comments/-/strip-json-comments-3.1.1.tgz (sha512-6fPc+R4ihwqP6N/aIv2f1gMH8lOVtWQHoqC4yK6oSDVVocumAsfCqjkXnqiYMhmMwS/mEHLp7Vehlt3ql6lEig==) seems to be corrupted. Trying again.
npm warn tarball tarball data for symbol-tree@https://registry.npmjs.org/symbol-tree/-/symbol-tree-3.2.4.tgz (sha512-9QNk5KwDF+Bvz+PyObkmSYjI5ksVUYtjW7AU22r2NKcfLJcXp96hkDWU3+XndOsUb+AQ9QhfzfCT2O+CNWT5Tw==) seems to be corrupted. Trying again.
npm warn tarball tarball data for stdin-discarder@https://registry.npmjs.org/stdin-discarder/-/stdin-discarder-0.3.2.tgz (sha512-eCPu1qRxPVkl5605OTWF8Wz40b4Mf45NY5LQmVPQ599knfs5QhASUm9GbJ5BDMDOXgrnh0wyEdvzmL//YMlw0A==) seems to be corrupted. Trying again.
npm warn tarball tarball data for std-env@https://registry.npmjs.org/std-env/-/std-env-4.2.0.tgz (sha512-oCUKSupKTHX53EyjDtuZQ64pjLJ6yYCtpmEw0goYxtjG9KpbRe8KAsl2tBUGU9DyMcJ0RwJ8GqJAFzMXcXW1Rw==) seems to be corrupted. Trying again.
npm warn tarball tarball data for statuses@https://registry.npmjs.org/statuses/-/statuses-2.0.2.tgz (sha512-DvEy55V3DB7uknRo+4iOGT5fP1slR8wQohVdknigZPMpMstaKJQWhwiYBACJE3Ul2pTnATihhBYnRhZQHGBiRw==) seems to be corrupted. Trying again.
npm warn tarball tarball data for source-map-support@https://registry.npmjs.org/source-map-support/-/source-map-support-0.5.21.tgz (sha512-uBHU3L3czsIyYXKX88fdrGovxdSCoTGDRZ6SYXtSRxLZUzHg5P/66Ht6uoUlHu9EZod+inXhKo3qQgwXUT/y1w==) seems to be corrupted. Trying again.
npm warn tarball tarball data for slice-ansi@https://registry.npmjs.org/slice-ansi/-/slice-ansi-8.0.0.tgz (sha512-stxByr12oeeOyY2BlviTNQlYV5xOj47GirPr4yA1hE9JCtxfQN0+tVbkxwCtYDQWhEKWFHsEK48ORg5jrouCAg==) seems to be corrupted. Trying again.
npm warn tarball tarball data for source-map@https://registry.npmjs.org/source-map/-/source-map-0.7.6.tgz (sha512-i5uvt8C3ikiWeNZSVZNWcfZPItFQOsYTUAOkcUPGd8DqDy1uOUikjt5dG+uRlwyvR108Fb9DOd4GvXfT0N2/uQ==) seems to be corrupted. Trying again.
npm warn tarball tarball data for source-map-js@https://registry.npmjs.org/source-map-js/-/source-map-js-1.2.1.tgz (sha512-UXWMKhLOwVKb728IUtQPXxfYU+usdybtUrK/8uGE8CQMvrhOpwvzDBwj0QhSL7MQc7vIsISBG8VQ8+IDQxpfQA==) seems to be corrupted. Trying again.
npm warn tarball tarball data for siginfo@https://registry.npmjs.org/siginfo/-/siginfo-2.0.0.tgz (sha512-ybx0WO1/8bSBLEWXZvEd7gMW3Sn3JFlW3TvX1nREbDLRNQNaeNN8WK0meBwPdAaOI7TtRRRJn/Es1zhrrCHu7g==) seems to be corrupted. Trying again.
npm warn tarball tarball data for signal-exit@https://registry.npmjs.org/signal-exit/-/signal-exit-4.1.0.tgz (sha512-bzyZ1e88w9O1iNJbKnOlvYTrWPDl46O1bG0D3XInv+9tkPrxrN8jUUTiFlDkkmKWgn1M6CfIA13SuGqOa9Korw==) seems to be corrupted. Trying again.
npm warn tarball tarball data for side-channel-weakmap@https://registry.npmjs.org/side-channel-weakmap/-/side-channel-weakmap-1.0.2.tgz (sha512-WPS/HvHQTYnHisLo9McqBHOJk2FkHO/tlpvldyrnem4aeQp4hai3gythswg6p01oSoTl58rcpiFAjF2br2Ak2A==) seems to be corrupted. Trying again.
npm warn tarball tarball data for side-channel-list@https://registry.npmjs.org/side-channel-list/-/side-channel-list-1.0.1.tgz (sha512-mjn/0bi/oUURjc5Xl7IaWi/OJJJumuoJFQJfDDyO46+hBWsfaVM65TBHq2eoZBhzl9EchxOijpkbRC8SVBQU0w==) seems to be corrupted. Trying again.
npm warn tarball tarball data for stackback@https://registry.npmjs.org/stackback/-/stackback-0.0.2.tgz (sha512-1XMJE5fQo1jGH6Y/7ebnwPOBEkIEnT4QF32d5R1+VXdXveM0IBMJt8zfaxX1P3QhVwrYe+576+jkANtSS2mBbw==) seems to be corrupted. Trying again.
npm warn tarball tarball data for side-channel-map@https://registry.npmjs.org/side-channel-map/-/side-channel-map-1.0.1.tgz (sha512-VCjCNfgMsby3tTdo02nbjtM/ewra6jPHmpThenkTYh8pG9ucZ/1P8So4u4FGBek/BjpOVsDCMoLA/iuBKIFXRA==) seems to be corrupted. Trying again.
npm warn tarball tarball data for side-channel@https://registry.npmjs.org/side-channel/-/side-channel-1.1.1.tgz (sha512-6x6dK6zJdpTzF4sQeNYxwtvBzf6Eg4GtlesS94HOvTudUeyK2WXAaIfmDgsyslYrRBeFIlsi54AYsFGUuhmvrQ==) seems to be corrupted. Trying again.
npm warn tarball tarball data for shebang-regex@https://registry.npmjs.org/shebang-regex/-/shebang-regex-3.0.0.tgz (sha512-7++dFhtcx3353uBaq8DDR4NuxBetBzC7ZQOhmTQInHEd6bSrXdiEyzCvG07Z44UYdLShWUyXt5M/yhz8ekcb1A==) seems to be corrupted. Trying again.
npm warn tarball tarball data for shebang-command@https://registry.npmjs.org/shebang-command/-/shebang-command-2.0.0.tgz (sha512-kHxr2zZpYtdmrN1qDjrrX/Z1rR1kG8Dx+gkpK1G4eXmvXswmcE1hTWBWYUzlraYw1/yZp6YuDY77YtvbN0dmDA==) seems to be corrupted. Trying again.
npm warn tarball tarball data for send@https://registry.npmjs.org/send/-/send-1.2.1.tgz (sha512-1gnZf7DFcoIcajTjTwjwuDjzuz4PPcY2StKPlsGAQ1+YH20IRVrBaXSWmdjowTJ6u8Rc01PoYOGHXfP1mYcZNQ==) seems to be corrupted. Trying again.
npm warn tarball tarball data for setprototypeof@https://registry.npmjs.org/setprototypeof/-/setprototypeof-1.2.0.tgz (sha512-E5LDX7Wrp85Kil5bhZv46j8jOeboKq5JMmYM3gVGdGH8xFpPWXUMsNrlODCrkoxMEeNi/XZIwuRvY4XNwYMJpw==) seems to be corrupted. Trying again.
npm warn tarball tarball data for serve-static@https://registry.npmjs.org/serve-static/-/serve-static-2.2.1.tgz (sha512-xRXBn0pPqQTVQiC8wyQrKs2MOlX24zQ0POGaj0kultvoOCstBQM5yvOhAVSUwOMjQtTvsPWoNCHfPGwaaQJhTw==) seems to be corrupted. Trying again.
npm warn tarball tarball data for saxes@https://registry.npmjs.org/saxes/-/saxes-6.0.0.tgz (sha512-xAg7SOnEhrm5zI3puOOKyy1OMcMlIJZYNJY7xLBwSze0UjhPLnWfj2GF2EpT0jmzaJKIWKHLsaSSajf35bcYnA==) seems to be corrupted. Trying again.
npm warn tarball tarball data for sass@https://registry.npmjs.org/sass/-/sass-1.101.0.tgz (sha512-OL3GoQyoUdDt843DpVmDO6y2k1sc5IhUDSpu8XucEI+35neq5QivZ1iuegnpraEVTJXlQGK1gl27zKcTLEPbQw==) seems to be corrupted. Trying again.
npm warn tarball tarball data for string-width@https://registry.npmjs.org/string-width/-/string-width-8.2.2.tgz (sha512-GaPUh5gfdrYzqeVNZvUfT23vYYxXzKYidUcnMtJg/3rxRV63EFZy3k6xfKlmfeJD0176lnUV/Usr3XcwSvFzpg==) seems to be corrupted. Trying again.
npm warn tarball tarball data for rxjs@https://registry.npmjs.org/rxjs/-/rxjs-7.8.2.tgz (sha512-dhKf903U/PQZY6boNNtAGdWbG85WAbjT/1xYoZIC7FAY0yWapOBQVsVrDl58W86//e1VpMNBtRV4MaXfdMySFA==) seems to be corrupted. Trying again.
npm warn tarball tarball data for router@https://registry.npmjs.org/router/-/router-2.2.0.tgz (sha512-nLTrUKm2UyiL7rlhapu/Zl45FwNgkZGaCpZbIHajDYgwlJCOzLSk+cIPAnsEqV955GjILJnKbdQC1nVPz+gAYQ==) seems to be corrupted. Trying again.
npm warn tarball tarball data for restore-cursor@https://registry.npmjs.org/restore-cursor/-/restore-cursor-5.1.0.tgz (sha512-oMA2dcrw6u0YfxJQXm342bFKX/E4sG9rbTzO9ptUcR/e8A33cHuvStiYOwH7fszkZlZ1z/ta9AAoPk2F4qIOHA==) seems to be corrupted. Trying again.
npm warn tarball tarball data for semver@https://registry.npmjs.org/semver/-/semver-7.8.5.tgz (sha512-Y7/KDsb8LjooZpwaqGyulO6DQlksgCncchHGk+sZIY4SBvUocMBEFH5Ur1fI4dV+Jvl0w6cjvucaIi40puRioA==) seems to be corrupted. Trying again.
npm warn tarball tarball data for readdirp@https://registry.npmjs.org/readdirp/-/readdirp-5.0.0.tgz (sha512-9u/XQ1pvrQtYyMpZe7DXKv2p5CNvyVwzUB6uhLAnQwHMSgKMBR62lc7AHljaeteeHXn11XTAaLLUVZYVZyuRBQ==) seems to be corrupted. Trying again.
npm warn tarball tarball data for reflect-metadata@https://registry.npmjs.org/reflect-metadata/-/reflect-metadata-0.2.2.tgz (sha512-urBwgfrvVP/eAyXx4hluJivBKzuEbSQs9rKWCrCkbSxNv8mxPcUZKeuoF3Uy4mJl3Lwprp6yy5/39VWigZ4K6Q==) seems to be corrupted. Trying again.
npm warn tarball tarball data for require-from-string@https://registry.npmjs.org/require-from-string/-/require-from-string-2.0.2.tgz (sha512-Xf0nWe6RseziFMu+Ap9biiUbmplq6S9/p+7w7YXP/JBHhrUDDUhwa+vANyubuqfZWTveU//DYVGsDG7RKL/vEw==) seems to be corrupted. Trying again.
npm warn tarball tarball data for raw-body@https://registry.npmjs.org/raw-body/-/raw-body-3.0.2.tgz (sha512-K5zQjDllxWkf7Z5xJdV0/B0WTNqx6vxG70zJE4N0kBs4LovmEYWJzQGxC9bS9RAKu3bgM40lrd5zoLJ12MQ5BA==) seems to be corrupted. Trying again.
npm warn tarball tarball data for rolldown@https://registry.npmjs.org/rolldown/-/rolldown-1.2.0.tgz (sha512-u7tgm5l4Yw1iTqUL4EcYOAt7fFvCgQMLeidrnD4GALlC6aOznCjezYajgxeyKw27u0Q5N7fwgCzjVyPIWzwuBA==) seems to be corrupted. Trying again.
npm warn tarball tarball data for range-parser@https://registry.npmjs.org/range-parser/-/range-parser-1.3.0.tgz (sha512-hek2mFQpPuI4E1BBKrSto+BU3e3x4xuarsbiwr3+lf7p44juvFMV0XFWQAP3xUyqXA4RrXLIoaSUGbSt056ZMw==) seems to be corrupted. Trying again.
npm warn tarball tarball data for safer-buffer@https://registry.npmjs.org/safer-buffer/-/safer-buffer-2.1.2.tgz (sha512-YZo3K82SD7Riyi0E1EQPojLz7kpepnSQI9IyPbHHg1XXXevb5dJI7tpyN2ADxGcQbHG7vcyRHk0cbwqcQriUtg==) seems to be corrupted. Trying again.
npm warn tarball tarball data for qs@https://registry.npmjs.org/qs/-/qs-6.15.3.tgz (sha512-O9gl3zCl5h5blw1KGUzQKhA5oUXSl8rwUIM5o0S3nCXMliSvy5Dzx7/DJcI+SwgICv+IneSZwhBh1oSyEHA71A==) seems to be corrupted. Trying again.
npm warn tarball tarball data for proxy-agent-negotiate@https://registry.npmjs.org/proxy-agent-negotiate/-/proxy-agent-negotiate-1.1.0.tgz (sha512-N8IBcM3UgCVzz2L2Lqv8DVntDnnC8/hiV4nEDUPkqq72TPUgYWjQc+bdZlBPZK9LzPAvOY//gAt0S0DApoOXWQ==) seems to be corrupted. Trying again.
npm warn tarball tarball data for rfdc@https://registry.npmjs.org/rfdc/-/rfdc-1.4.1.tgz (sha512-q1b3N5QkRUWUl7iyylaaj3kOpIT0N2i9MqIEQXP73GVsN9cw3fdx8X63cEmWhJGi2PPCF23Ijp7ktmd39rawIA==) seems to be corrupted. Trying again.
npm warn tarball tarball data for proc-log@https://registry.npmjs.org/proc-log/-/proc-log-7.0.0.tgz (sha512-FYgfaA69XZ93zaXLoMNQ+ViDXGGBgR8aLh03txzcFhV+9xOXx7+8DLCULrKKpR9+GsH9ZfHm82aSUPpozX0Ztg==) seems to be corrupted. Trying again.
npm warn tarball tarball data for proxy-addr@https://registry.npmjs.org/proxy-addr/-/proxy-addr-2.0.7.tgz (sha512-llQsMLSUDUPT44jdrU/O37qlnifitDP+ZwrmmZcoSKyLKvtZxpyV0n2/bD/N4tBAAZ/gJEdZU7KMraoK1+XYAg==) seems to be corrupted. Trying again.
npm warn tarball tarball data for prelude-ls@https://registry.npmjs.org/prelude-ls/-/prelude-ls-1.2.1.tgz (sha512-vkcDPrRZo1QZLbn5RLGPpg/WmIQ65qoWWhcGKf/b5eplkkarX0m9z8ppCat4mlOqUsWpyNuYgO3VRyrYHSzX5g==) seems to be corrupted. Trying again.
npm warn tarball tarball data for postcss-safe-parser@https://registry.npmjs.org/postcss-safe-parser/-/postcss-safe-parser-7.0.1.tgz (sha512-0AioNCJZ2DPYz5ABT6bddIqlhgwhpHZ/l65YAYo0BCIn0xiDpsnTHz0gnoTGk0OXZW0JRs+cDwL8u/teRdz+8A==) seems to be corrupted. Trying again.
npm warn tarball tarball data for postcss-media-query-parser@https://registry.npmjs.org/postcss-media-query-parser/-/postcss-media-query-parser-0.2.3.tgz (sha512-3sOlxmbKcSHMjlUXQZKQ06jOswE7oVkXPxmZdoB1r5l0q6gTFTQSHxNxOrCccElbW7dxNytifNEo8qidX2Vsig==) seems to be corrupted. Trying again.
npm warn tarball tarball data for playwright@https://registry.npmjs.org/playwright/-/playwright-1.62.1.tgz (sha512-0M+L3LAD8/nm554LOla9Ayx0j0tmFZ0FBcoQ7F1VuVHpM/XpiC8RcDzBQB8W5+hA8L22THxELzeF+2WcUzvcLg==) seems to be corrupted. Trying again.
npm warn tarball tarball data for postcss@https://registry.npmjs.org/postcss/-/postcss-8.5.25.tgz (sha512-DTPx3RWSSnWyzLxQnlH0rJP+EW5ekl16ZU4/psbIhA0e53kJfdgaN5vKM+xP7yJtXVu+nfdVFmlgFDEKAe4Pyw==) seems to be corrupted. Trying again.
npm warn tarball tarball data for playwright-core@https://registry.npmjs.org/playwright-core/-/playwright-core-1.62.1.tgz (sha512-wPYSwEBJY9GHraISXqyqtx0na0LpO3XEX7jNDhntbex7tzUS7kLnZsOlFruFJB4Hi/rhDMjXGqHewDZ68nYZVw==) seems to be corrupted. Trying again.
npm warn tarball tarball data for punycode@https://registry.npmjs.org/punycode/-/punycode-2.3.1.tgz (sha512-vYt7UD1U9Wg6138shLtLOvdAu+8DsC/ilFtEVHcH+wydcSpNE20AfSOduf6MkRFahL5FY7X1oU7nKVZFtfq8Fg==) seems to be corrupted. Trying again.
npm warn tarball tarball data for pkce-challenge@https://registry.npmjs.org/pkce-challenge/-/pkce-challenge-5.0.1.tgz (sha512-wQ0b/W4Fr01qtpHlqSqspcj3EhBvimsdh0KlHhH8HRZnMsEa0ea2fTULOXOS9ccQr3om+GcGRk4e+isrZWV8qQ==) seems to be corrupted. Trying again.
npm warn tarball tarball data for prettier@https://registry.npmjs.org/prettier/-/prettier-3.9.6.tgz (sha512-OpN0zzVdiaiAhxpuuj5efpIS4sY9j7bY6uR5mnj5yPzGkdkjNKSJeUThPb60Jw29QuAZgA4o+/iB49kFiaBX6g==) seems to be corrupted. Trying again.
npm warn tarball tarball data for piscina@https://registry.npmjs.org/piscina/-/piscina-5.2.0.tgz (sha512-DszUCKeVN/5G5QKo6jAVHL8fmKnkJvQ0ACiVgY7YGCq3TUB2oznAOayvZPIAdEThvhczkXR+qm3IHsNXpFCYfA==) seems to be corrupted. Trying again.
npm warn tarball tarball data for picomatch@https://registry.npmjs.org/picomatch/-/picomatch-4.0.5.tgz (sha512-RvwwcruNjI1ncT5xRakeyS9Lf8lcItv34KD+aif+VH9kduAyfYBipGh12274xtenIPZ119/R9BdTBa8gAwSh0A==) seems to be corrupted. Trying again.
npm warn tarball tarball data for picocolors@https://registry.npmjs.org/picocolors/-/picocolors-1.1.1.tgz (sha512-xceH2snhtb5M9liqDsmEw56le376mTZkEX/jEb/RxNFyegNul7eNslCXP9FDj/Lcu0X8KEyMceP2ntpaHrDEVA==) seems to be corrupted. Trying again.
npm warn tarball tarball data for pathe@https://registry.npmjs.org/pathe/-/pathe-2.0.3.tgz (sha512-WUjGcAqP1gQacoQe+OBJsFA7Ld4DyXuUIjZ5cc75cLHvJ7dtNsTugphxIADwspS+AraAUePCKrSVtPLFj/F88w==) seems to be corrupted. Trying again.
npm warn tarball tarball data for path-to-regexp@https://registry.npmjs.org/path-to-regexp/-/path-to-regexp-8.4.2.tgz (sha512-qRcuIdP69NPm4qbACK+aDogI5CBDMi1jKe0ry5rSQJz8JVLsC7jV8XpiJjGRLLol3N+R5ihGYcrPLTno6pAdBA==) seems to be corrupted. Trying again.
npm warn tarball tarball data for path-key@https://registry.npmjs.org/path-key/-/path-key-3.1.1.tgz (sha512-ojmeN0qd+y0jszEtoY48r0Peq5dwMEkIlCOu6Q5f41lfkswXuKtYrhgoTpLnyIcHm24Uhqx+5Tqm2InSwLhE6Q==) seems to be corrupted. Trying again.
npm warn tarball tarball data for path-exists@https://registry.npmjs.org/path-exists/-/path-exists-4.0.0.tgz (sha512-ak9Qy5Q7jYb2Wwcey5Fpvg2KoAc/ZIhLSLOSBmRmygPsGwkVVt0fZa0qrtMz+m6tJTAHfZQ8FnmB4MG4LWy7/w==) seems to be corrupted. Trying again.
npm warn tarball tarball data for parse5-html-rewriting-stream@https://registry.npmjs.org/parse5-html-rewriting-stream/-/parse5-html-rewriting-stream-8.0.1.tgz (sha512-NaRku2aMpUN1Sh1Gyk1KWUh2A7EJx2c6qYzvwsPtqhoHoaURshdrceYK3LunVCm3WHhm6FS7Vcczbvdh3/UIVw==) seems to be corrupted. Trying again.
npm warn tarball tarball data for parse5-sax-parser@https://registry.npmjs.org/parse5-sax-parser/-/parse5-sax-parser-8.0.0.tgz (sha512-/dQ8UzHZwnrzs3EvDj6IkKrD/jIZyTlB+8XrHJvcjNgRdmWruNdN9i9RK/JtxakmlUdPwKubKPTCqvbTgzGhrw==) seems to be corrupted. Trying again.
npm warn tarball tarball data for parseurl@https://registry.npmjs.org/parseurl/-/parseurl-1.3.3.tgz (sha512-CiyeOxFT/JZyN5m0z9PfXw4SCBJ6Sygz1Dpl0wqjlhDEGGBP1GnsUVEL0p63hoG1fcj3fHynXi9NYO4nWOL+qQ==) seems to be corrupted. Trying again.
npm warn tarball tarball data for p-locate@https://registry.npmjs.org/p-locate/-/p-locate-5.0.0.tgz (sha512-LaNjtRWUBY++zB5nE/NwcaoMylSPk+S+ZHNB1TzdbMJMny6dynpAGt7X/tl/QYq3TIeE6nxHppbo2LGymrG5Pw==) seems to be corrupted. Trying again.
npm warn tarball tarball data for parse5@https://registry.npmjs.org/parse5/-/parse5-8.0.1.tgz (sha512-z1e/HMG90obSGeidlli3hj7cbocou0/wa5HacvI3ASx34PecNjNQeaHNo5WIZpWofN9kgkqV1q5YvXe3F0FoPw==) seems to be corrupted. Trying again.
npm warn tarball tarball data for p-limit@https://registry.npmjs.org/p-limit/-/p-limit-3.1.0.tgz (sha512-TYOanM3wGwNGsZN2cVTYPArw454xnXj5qmWF1bEoAc4+cU/ol7GVh7odevjp1FNHduHc3KZMcFduxU5Xc6uJRQ==) seems to be corrupted. Trying again.
npm warn tarball tarball data for oxc-parser@https://registry.npmjs.org/oxc-parser/-/oxc-parser-0.142.0.tgz (sha512-kKR+jPiRJYJDexVoziIg/FVGvr1fT1FZSSJOk6tVoMKKSlsf1Cso+cgGCJkOEDWOP174vRntCPFKg+AS7InWvw==) seems to be corrupted. Trying again.
npm warn tarball tarball data for ora@https://registry.npmjs.org/ora/-/ora-9.4.1.tgz (sha512-6VlU9MLXbjVQD04AZCMX28hVtA5bUoadvUqO76MUCVA0ilwJbMiHsITRPfyVm6p/BC0Av/BXMujx39WCe1LEqw==) seems to be corrupted. Trying again.
npm warn tarball tarball data for ordered-binary@https://registry.npmjs.org/ordered-binary/-/ordered-binary-1.6.1.tgz (sha512-QkCdPooczexPLiXIrbVOPYkR3VO3T6v2OyKRkR1Xbhpy7/LAVXwahnRCgRp78Oe/Ehf0C/HATAxfSr6eA1oX+w==) seems to be corrupted. Trying again.
npm warn tarball tarball data for optionator@https://registry.npmjs.org/optionator/-/optionator-0.9.4.tgz (sha512-6IpQ7mKUxRcZNLIObR0hz7lxsapSSIYNZJwXPGeF0mTVqGKFIXj1DQcMoT22S3ROcLyY/rz0PWaWZ9ayWmad9g==) seems to be corrupted. Trying again.
npm warn tarball tarball data for openapi-types@https://registry.npmjs.org/openapi-types/-/openapi-types-12.1.3.tgz (sha512-N4YtSYJqghVu4iek2ZUvcN/0aqH1kRDuNqzcycDxhOUpg7GdvLa2F3DgS6yBNhInhv2r/6I0Flkn7CqL8+nIcw==) seems to be corrupted. Trying again.
npm warn tarball tarball data for onetime@https://registry.npmjs.org/onetime/-/onetime-7.0.0.tgz (sha512-VXJjc87FScF88uafS3JllDgvAm+c/Slfz06lorj2uAY34rlUu0Nt+v8wreiImcrgAjjIHp1rXpTDlLOGw29WwQ==) seems to be corrupted. Trying again.
npm warn tarball tarball data for on-finished@https://registry.npmjs.org/on-finished/-/on-finished-2.4.1.tgz (sha512-oVlzkg3ENAhCk2zdv7IJwd/QUD4z2RxRwpkcGY8psCVcCYZNq4wYnVWALHM+brtuJjePWiYF/ClmuDr8Ch5+kg==) seems to be corrupted. Trying again.
npm warn tarball tarball data for once@https://registry.npmjs.org/once/-/once-1.4.0.tgz (sha512-lNaJgI+2Q5URQBkccEKHTQOPaXdUxnZZElQTZY0MFUAuaEqe1E+Nyvgdz/aIyNi6Z9MzO5dv1H8n58/GELp3+w==) seems to be corrupted. Trying again.
npm warn tarball tarball data for obug@https://registry.npmjs.org/obug/-/obug-2.1.4.tgz (sha512-4a+OsYv9UktOJKE+l1A4OufDgdRF9PifWj+tJnHURo/P+WOxpG4GzUFL9qCalmWauao6ogiG+QvnCovwPoyAWA==) seems to be corrupted. Trying again.
npm warn tarball tarball data for npm-package-arg@https://registry.npmjs.org/npm-package-arg/-/npm-package-arg-14.0.0.tgz (sha512-69XQh3k+dtGa1p+7RaR57IuG3rCko96xr/nUfN4yDYBXbTYICiWcOpsFKLN2GtGE9cyIljE+f1exnaYt9MvM+Q==) seems to be corrupted. Trying again.
npm warn tarball tarball data for object-assign@https://registry.npmjs.org/object-assign/-/object-assign-4.1.1.tgz (sha512-rJgTQnkUnH1sFw8yT6VSU3zD3sWmu6sZhIseY8VX+GRu3P6F7Fu+JNDoXfklElbLJSnc3FUQHVe4cU5hj+BcUg==) seems to be corrupted. Trying again.
npm warn tarball tarball data for object-inspect@https://registry.npmjs.org/object-inspect/-/object-inspect-1.13.4.tgz (sha512-W67iLl4J2EXEGTbfeHCffrjDfitvLANg0UlX3wFUUSTx92KXRFegMHUVgSqE+wvhAbi4WqjGg9czysTV2Epbew==) seems to be corrupted. Trying again.
npm warn tarball tarball data for otpauth@https://registry.npmjs.org/otpauth/-/otpauth-9.5.1.tgz (sha512-fJmDAHc8wImfqqqOXIlBvT1dEKrZK0Cmb2VEgScpNTolCz0PHh6ExUZGv4sLtOsWNaHCQlD+rRqaPgnoxFoZjQ==) seems to be corrupted. Trying again.
npm warn tarball tarball data for node-releases@https://registry.npmjs.org/node-releases/-/node-releases-2.0.51.tgz (sha512-wRNIrw4DmVLKQlbgOMdkMx27Wrpzes2hh5Jtbi2bjPd+4wJstWIqP5A+lscnqbm0xxmT5Bpg8Lec5ItEBwx6BQ==) seems to be corrupted. Trying again.
npm warn tarball tarball data for node-gyp-build-optional-packages@https://registry.npmjs.org/node-gyp-build-optional-packages/-/node-gyp-build-optional-packages-5.2.2.tgz (sha512-s+w+rBWnpTMwSFbaE0UXsRlg7hU4FjekKU4eyAih5T8nJuNZT1nNsskXpxmeqSK9UzkBl6UgRlnKc8hz8IEqOw==) seems to be corrupted. Trying again.
npm warn tarball tarball data for node-addon-api@https://registry.npmjs.org/node-addon-api/-/node-addon-api-6.1.0.tgz (sha512-+eawOlIgy680F0kBzPUNFhMZGtJ1YmqM6l4+Crf4IkImjYrO/mqPwRMh352g23uIaQKFItcQ64I7KMaJxHgAVA==) seems to be corrupted. Trying again.
npm warn tarball tarball data for ng-openapi-gen@https://registry.npmjs.org/ng-openapi-gen/-/ng-openapi-gen-1.0.5.tgz (sha512-wosZ/3maujBVhezNC+bw9PgT3I//hVZzF27CIi4FJc3uq3ibDciEB+GyRZflcLm3AE84kAKrD6cRBIAQVyrnnA==) seems to be corrupted. Trying again.
npm warn tarball tarball data for natural-compare@https://registry.npmjs.org/natural-compare/-/natural-compare-1.4.0.tgz (sha512-OWND8ei3VtNC9h7V60qff3SVobHr996CTwgxubgyQYEpg290h9J0buyECNNJexkFm5sOajh5G116RYA1c8ZMSw==) seems to be corrupted. Trying again.
npm warn tarball tarball data for neo-async@https://registry.npmjs.org/neo-async/-/neo-async-2.6.2.tgz (sha512-Yd3UES5mWCSqR+qNT93S3UoYUkqAZ9lLg8a7g9rimsWmYGK8cVToA4/sF3RrshdyV3sAGMXVUmpMYOw+dLpOuw==) seems to be corrupted. Trying again.
npm warn tarball tarball data for negotiator@https://registry.npmjs.org/negotiator/-/negotiator-1.0.0.tgz (sha512-8Ofs/AUQh8MaEcrlq5xOX0CQ9ypTF5dl78mjlMNfOK08fzpgTHQRQPBxcPlEtIw0yRpws+Zo/3r+5WRby7u3Gg==) seems to be corrupted. Trying again.
npm warn tarball tarball data for nth-check@https://registry.npmjs.org/nth-check/-/nth-check-2.1.1.tgz (sha512-lqjrjmaOoAnWfMmBPL+XNnynZh2+swxiX3WUE0s4yEHI6m+AwrK2UZOimIRl3X/4QctVqS8AiZjFqyOGrMXb/w==) seems to be corrupted. Trying again.
npm warn tarball tarball data for nanoid@https://registry.npmjs.org/nanoid/-/nanoid-3.3.18.tgz (sha512-DTg4MJbGMWkfi6VZFdNt2/caMbQy4Ou+Op/hJQvGEWcnVfoA1QA+xzRKAzw9jD6+GVOOeYr/mIcuDSdug6F6+w==) seems to be corrupted. Trying again.
npm warn tarball tarball data for msgpackr-extract@https://registry.npmjs.org/msgpackr-extract/-/msgpackr-extract-3.0.4.tgz (sha512-4kmO/MdyUIkLIvTPr8VHLil4AtoKIoniWPIEk5+CDy0xnWC84azhSFmuJ7PxZdsYtiP5kEeQsORAVIeMgxT+Hw==) seems to be corrupted. Trying again.
npm warn tarball tarball data for mute-stream@https://registry.npmjs.org/mute-stream/-/mute-stream-3.0.0.tgz (sha512-dkEJPVvun4FryqBmZ5KhDo0K9iDXAwn08tMLDinNdRBNPcYEDiWYysLcc6k3mjTMlbP9KyylvRpd4wFtwrT9rw==) seems to be corrupted. Trying again.
npm warn tarball tarball data for msgpackr@https://registry.npmjs.org/msgpackr/-/msgpackr-1.12.1.tgz (sha512-4EUH9tQHnMmEgzW/MdAP0KIfa1T9AF+htl0ffe2n5vb2EKn9y2co8ccpgWko6S52Jy1PQZKwRnx5/KkYjtd9MQ==) seems to be corrupted. Trying again.
npm warn tarball tarball data for ms@https://registry.npmjs.org/ms/-/ms-2.1.3.tgz (sha512-6FlzubTLZG3J2a/NVCAleEhjzq5oxgHyaCU9yYXvcLsvoVaHJq/s5xXI6/XXP6tz7R9xAOtHnSO/tXtF3WRTlA==) seems to be corrupted. Trying again.
npm warn tarball tarball data for mrmime@https://registry.npmjs.org/mrmime/-/mrmime-2.0.1.tgz (sha512-Y3wQdFg2Va6etvQ5I82yUhGdsKrcYox6p7FfL1LbK2J4V01F9TGlepTIhnK24t7koZibmg82KGglhA1XK5IsLQ==) seems to be corrupted. Trying again.
npm warn tarball tarball data for minimist@https://registry.npmjs.org/minimist/-/minimist-1.2.8.tgz (sha512-2yyAR8qBkN3YuheJanUpWC5U3bb5osDywNB8RzDVlDwDHbocAJveqqj1u8+SVD7jkWT4yvsHCpWqqWqAxb0zCA==) seems to be corrupted. Trying again.
npm warn tarball tarball data for mimic-function@https://registry.npmjs.org/mimic-function/-/mimic-function-5.0.1.tgz (sha512-VP79XUPxV2CigYP3jWwAUFSku2aKqBH7uTAapFWCBqutsbmDo96KY5o8uh6U+/YSIn5OxJnXp73beVkpqMIGhA==) seems to be corrupted. Trying again.
npm warn tarball tarball data for minimatch@https://registry.npmjs.org/minimatch/-/minimatch-10.2.6.tgz (sha512-vpLQEs+VLCr1nU0BXS07maYoFwlDAH0gngQuuttxIwutDFEMHq2blX+8vpgxDdK3J1PwjCJiep77OitTZ4Ll1A==) seems to be corrupted. Trying again.
npm warn tarball tarball data for mime-types@https://registry.npmjs.org/mime-types/-/mime-types-3.0.2.tgz (sha512-Lbgzdk0h4juoQ9fCKXW4by0UJqj+nOOrI9MJ1sSj4nI8aI2eo1qmvQEie4VD1glsS250n15LsWsYtCugiStS5A==) seems to be corrupted. Trying again.
npm warn tarball tarball data for merge-descriptors@https://registry.npmjs.org/merge-descriptors/-/merge-descriptors-2.0.0.tgz (sha512-Snk314V5ayFLhp3fkUREub6WtjBfPdCPY1Ln8/8munuLuiYhsABgBVWsozAG+MWMbVEvcdcpbi9R7ww22l9Q3g==) seems to be corrupted. Trying again.
npm warn tarball tarball data for mime-db@https://registry.npmjs.org/mime-db/-/mime-db-1.54.0.tgz (sha512-aU5EJuIN2WDemCcAp2vFBfp/m4EAhWJnUNSSw0ixs7/kXbd6Pg64EmwJkNdFhB8aWt1sH2CTXrLxo/iAGV3oPQ==) seems to be corrupted. Trying again.
npm warn tarball tarball data for media-typer@https://registry.npmjs.org/media-typer/-/media-typer-1.1.1.tgz (sha512-yz3xRaG20c6/BOzvYoDaGtPmGscs7YivItZEEqe6GbwNfHuxu9YNmvnEkMzKldAGY4/80pRcQRZSEnhquk9XuQ==) seems to be corrupted. Trying again.
npm warn tarball tarball data for mdn-data@https://registry.npmjs.org/mdn-data/-/mdn-data-2.27.1.tgz (sha512-9Yubnt3e8A0OKwxYSXyhLymGW4sCufcLG6VdiDdUGVkPhpqLxlvP5vl1983gQjJl3tqbrM731mjaZaP68AgosQ==) seems to be corrupted. Trying again.
npm warn tarball tarball data for lru-cache@https://registry.npmjs.org/lru-cache/-/lru-cache-11.5.2.tgz (sha512-4pfM1Ff0x50o0tQwb5ucw/RzNyD0/YJME6IVcStalZuMWxdt3sR3huStTtxz4PUmvZfRguvDejasvQ2kifR11g==) seems to be corrupted. Trying again.
npm warn tarball tarball data for math-intrinsics@https://registry.npmjs.org/math-intrinsics/-/math-intrinsics-1.1.0.tgz (sha512-/IXtbwEk5HTPyEwyKX6hGkYXxM9nbj64B+ilVJnC/R6B0pH5G4V3b0pVbL7DBj4tkhBAppbQUlf6F6Xl9LHu1g==) seems to be corrupted. Trying again.
npm warn tarball tarball data for magic-string@https://registry.npmjs.org/magic-string/-/magic-string-1.0.0.tgz (sha512-CGvjzMN08iv6w1mm4/x3Gh1hLb4VnyRUA15FFpl6CsCIGGoe36k7kY5KNz9QDbSBN5I/fWHM6ZlIkUTa5xdUEA==) seems to be corrupted. Trying again.
npm warn tarball tarball data for log-symbols@https://registry.npmjs.org/log-symbols/-/log-symbols-7.0.1.tgz (sha512-ja1E3yCr9i/0hmBVaM0bfwDjnGy8I/s6PP4DFp+yP+a+mrHO4Rm7DtmnqROTUkHIkqffC84YY7AeqX6oFk0WFg==) seems to be corrupted. Trying again.
npm warn tarball tarball data for locate-path@https://registry.npmjs.org/locate-path/-/locate-path-6.0.0.tgz (sha512-iPZK6eYjbxRu3uB4/WZ3EsEIMJFMqAoopl3R+zuq0UjcAm/MO6KCweDgPfP3elTztoKP3KtnVHxTn2NHBSDVUw==) seems to be corrupted. Trying again.
npm warn tarball tarball data for lmdb@https://registry.npmjs.org/lmdb/-/lmdb-3.5.6.tgz (sha512-j3uE8ReKNyUWDjhfEFSJqE/1DLtfTR5Z8yFzVHvBjAk37wNg7HdScjcv8ttPHRvrdgPQMPWxFFI0SsdBzI5lBw==) seems to be corrupted. Trying again.
npm warn tarball tarball data for lightningcss-linux-x64-gnu@https://registry.npmjs.org/lightningcss-linux-x64-gnu/-/lightningcss-linux-x64-gnu-1.33.0.tgz (sha512-ar+Ju7LmcN0Jo4FpL4hpFybwNG9/3A/Br5KW2n2jyODg3MEZXaDYADdemoNS+BDNfMgKvylJLj4S5tyRActuAg==) seems to be corrupted. Trying again.
npm warn tarball tarball data for lightningcss@https://registry.npmjs.org/lightningcss/-/lightningcss-1.33.0.tgz (sha512-WkUDrojuJs0xkgGf2udWxa3yGBRxPtxUkB79i6aCZLRgc7PM8fZe9TosfPDcvEpQZbuFASnHYmRLBLUbmLOIIA==) seems to be corrupted. Trying again.
npm warn tarball tarball data for log-update@https://registry.npmjs.org/log-update/-/log-update-6.1.0.tgz (sha512-9ie8ItPR6tjY5uYJh8K/Zrv/RMZ5VOlOWvtZdEHYSTFKZfIBPQa9tOAEeAWhd+AnIneLJ22w5fjOYtoutpWq5w==) seems to be corrupted. Trying again.
npm warn tarball tarball data for levn@https://registry.npmjs.org/levn/-/levn-0.4.1.tgz (sha512-+bT2uH4E5LGE7h/n3evcS/sQlJXCpIp6ym8OWJ5eV6+67Dsql/LaaT7qJBAt2rzfoa/5QBGBhxDix1dMt2kQKQ==) seems to be corrupted. Trying again.
npm warn tarball tarball data for lodash@https://registry.npmjs.org/lodash/-/lodash-4.18.1.tgz (sha512-dMInicTPVE8d1e5otfwmmjlxkZoUpiVLwyeTdUsi/Caj/gfzzblBcCE5sRHV/AsjuCmxWrte2TNGSYuCeCq+0Q==) seems to be corrupted. Trying again.
npm warn tarball tarball data for keyv@https://registry.npmjs.org/keyv/-/keyv-4.5.4.tgz (sha512-oxVHkHR/EJf2CNXnWxRLW6mg7JyCCUcG0DtEGmL2ctUo1PNTin1PUil+r/+4r5MpVgC/fn1kjsx7mjSujKqIpw==) seems to be corrupted. Trying again.
npm warn tarball tarball data for listr2@https://registry.npmjs.org/listr2/-/listr2-10.2.1.tgz (sha512-7I5knELsJKTUjXG+A6BkKAiGkW1i25fNa/xlUl9hFtk15WbE9jndA89xu5FzQKrY5llajE1hfZZFMILXkDHk/Q==) seems to be corrupted. Trying again.
npm warn tarball tarball data for jsonfile@https://registry.npmjs.org/jsonfile/-/jsonfile-6.2.1.tgz (sha512-zwOTdL3rFQ/lRdBnntKVOX6k5cKJwEc1HdilT71BWEu7J41gXIB2MRp+vxduPSwZJPWBxEzv4yH1wYLJGUHX4Q==) seems to be corrupted. Trying again.
npm warn tarball tarball data for json-stable-stringify-without-jsonify@https://registry.npmjs.org/json-stable-stringify-without-jsonify/-/json-stable-stringify-without-jsonify-1.0.1.tgz (sha512-Bdboy+l7tA3OGW6FjyFHWkP5LuByj1Tk33Ljyq0axyzdk9//JSi2u3fP1QSmd1KNwq6VOKYGlAu87CisVir6Pw==) seems to be corrupted. Trying again.
npm warn tarball tarball data for json5@https://registry.npmjs.org/json5/-/json5-2.2.3.tgz (sha512-XmOWe7eyHYH14cLdVPoyg+GOH3rYX++KpzrylJwSW98t3Nk+U8XOl8FWKOgwtzdb8lXGf6zYwDUzeHMWfxasyg==) seems to be corrupted. Trying again.
npm warn tarball tarball data for json-schema-typed@https://registry.npmjs.org/json-schema-typed/-/json-schema-typed-8.0.2.tgz (sha512-fQhoXdcvc3V28x7C7BMs4P5+kNlgUURe2jmUT1T//oBRMDrqy1QPelJimwZGo7Hg9VPV3EQV5Bnq4hbFy2vetA==) seems to be corrupted. Trying again.
npm warn tarball tarball data for json-schema-traverse@https://registry.npmjs.org/json-schema-traverse/-/json-schema-traverse-1.0.0.tgz (sha512-NM8/P9n3XjXhIZn1lLhkFaACTOURQXjWhV4BA/RnOv8xvgqtqpAX9IO4mRQxSx1Rlo4tqzeqb0sOlruaOy3dug==) seems to be corrupted. Trying again.
npm warn tarball tarball data for json-buffer@https://registry.npmjs.org/json-buffer/-/json-buffer-3.0.1.tgz (sha512-4bV5BfR2mqfQTJm+V5tPPdf+ZpuhiIvTuAB5g8kcrXOZpTT/QwwVRWBywX1ozr6lEuPdbHxwaJlm9G6mI2sfSQ==) seems to be corrupted. Trying again.
npm warn tarball tarball data for jsonc-parser@https://registry.npmjs.org/jsonc-parser/-/jsonc-parser-3.3.1.tgz (sha512-HUgH65KyejrUFPvHFPbqOY0rsFip3Bo5wb4ngvdi1EpCYWUQDC5V+Y7mZws+DLkr4M//zQJoanu1SP+87Dv1oQ==) seems to be corrupted. Trying again.
npm warn tarball tarball data for jsesc@https://registry.npmjs.org/jsesc/-/jsesc-3.1.0.tgz (sha512-/sM3dO2FOzXjKQhJuo0Q173wf2KOo8t4I8vHy6lF9poUp7bKT0/NHE8fPX23PwfhnykfqnC2xRxOnVw5XuGIaA==) seems to be corrupted. Trying again.
npm warn tarball tarball data for jsdom@https://registry.npmjs.org/jsdom/-/jsdom-30.0.1.tgz (sha512-52v7mUVUfNQVYYqE1lcdaymWL0njO7lTLUog6ZvW2U5KsbiLk/GnZlVJ+qx0xfNJZ6Gn+KSpPNE52vurbxZwrA==) seems to be corrupted. Trying again.
npm warn tarball tarball data for js-yaml@https://registry.npmjs.org/js-yaml/-/js-yaml-4.3.1.tgz (sha512-CY6crGq313MX8GkwvB7tzgp99vjQxY1++5y10/BKN/GUfHqWaOGQMNZkBvqSzsZKWk/ijwHlWzzkLulsGHhjWQ==) seems to be corrupted. Trying again.
npm warn tarball tarball data for jose@https://registry.npmjs.org/jose/-/jose-6.2.7.tgz (sha512-hq1OB1bALKfydZNoViyg6hPVGV4i93ny9Op+n4zP5RSf7SCZEXa/TsG2O3IEr7+WlHRTPnpqDmHfMH6qXAD60w==) seems to be corrupted. Trying again.
npm warn tarball tarball data for js-tokens@https://registry.npmjs.org/js-tokens/-/js-tokens-10.0.0.tgz (sha512-lM/UBzQmfJRo9ABXbPWemivdCW8V2G8FHaHdypQaIy523snUjog0W71ayWXTjiR+ixeMyVHN2XcpnTd/liPg/Q==) seems to be corrupted. Trying again.
npm warn tarball tarball data for isexe@https://registry.npmjs.org/isexe/-/isexe-2.0.0.tgz (sha512-RHxMLp9lnKHGHRng9QFhRCMbYAcVpn69smSGcq3f36xjgVVWThj4qqLbTLlq7Ssj8B+fIQ1EuCEGI2lKsyQeIw==) seems to be corrupted. Trying again.
npm warn tarball tarball data for is-promise@https://registry.npmjs.org/is-promise/-/is-promise-4.0.0.tgz (sha512-hvpoI6korhJMnej285dSg6nu1+e6uxs7zG3BYAm5byqDsgJNWwxzM6z6iZiAgQR4TJ30JmBTOwqZUw3WlyH3AQ==) seems to be corrupted. Trying again.
npm warn tarball tarball data for is-unicode-supported@https://registry.npmjs.org/is-unicode-supported/-/is-unicode-supported-2.1.0.tgz (sha512-mE00Gnza5EEB3Ds0HfMyllZzbBrmLOX3vfWoj9A9PEnTfratQ/BcaJOuMhnkhjXvb2+FkY3VuHqtAGpTPmglFQ==) seems to be corrupted. Trying again.
npm warn tarball tarball data for is-potential-custom-element-name@https://registry.npmjs.org/is-potential-custom-element-name/-/is-potential-custom-element-name-1.0.1.tgz (sha512-bCYeRA2rVibKZd+s2625gGnGF/t7DSqDs4dP7CrLA1m7jKWz6pps0LpYLJN8Q64HtmPKJ1hrN3nzPNKFEKOUiQ==) seems to be corrupted. Trying again.
npm warn tarball tarball data for is-interactive@https://registry.npmjs.org/is-interactive/-/is-interactive-2.0.0.tgz (sha512-qP1vozQRI+BMOPcjFzrjXuQvdak2pHNUMZoeG2eRbiSqyvbEf/wQtEOTOX1guk6E3t36RkaqiSt8A/6YElNxLQ==) seems to be corrupted. Trying again.
npm warn tarball tarball data for is-glob@https://registry.npmjs.org/is-glob/-/is-glob-4.0.3.tgz (sha512-xelSayHH36ZgE7ZWhli7pW34hNbNl8Ojv5KVmkJD4hBdD3th8Tfk9vYasLM+mXWOZhFkgZfxhLSnrwRr4elSSg==) seems to be corrupted. Trying again.
npm warn tarball tarball data for is-fullwidth-code-point@https://registry.npmjs.org/is-fullwidth-code-point/-/is-fullwidth-code-point-5.1.0.tgz (sha512-5XHYaSyiqADb4RnZ1Bdad6cPp8Toise4TzEjcOYDHZkTCbKgiUl7WTUCpNWHuxmDt91wnsZBc9xinNzopv3JMQ==) seems to be corrupted. Trying again.
npm warn tarball tarball data for is-extglob@https://registry.npmjs.org/is-extglob/-/is-extglob-2.1.1.tgz (sha512-SbKbANkN603Vi4jEZv49LeVJMn4yGwsbzZworEoyEiutsN3nJYdbO36zfhGJ6QEDpOZIFkDtnq5JRxmvl3jsoQ==) seems to be corrupted. Trying again.
npm warn tarball tarball data for ipaddr.js@https://registry.npmjs.org/ipaddr.js/-/ipaddr.js-1.9.1.tgz (sha512-0KI/607xoxSToH7GjN1FfSbLoU0+btTicjsQSWQlh/hZykN8KpmMf7uYwPW3R+akZ6R/w18ZlXSHBYXiYUPO3g==) seems to be corrupted. Trying again.
npm warn tarball tarball data for inherits@https://registry.npmjs.org/inherits/-/inherits-2.0.4.tgz (sha512-k/vGaX4/Yla3WzyMCvTQOXYeIHvqOKtnqBduzTHpzpQZzAskKMhZ2K+EnBiSM9zGSoIFeMpXKxa4dYeZIQqewQ==) seems to be corrupted. Trying again.
npm warn tarball tarball data for imurmurhash@https://registry.npmjs.org/imurmurhash/-/imurmurhash-0.1.4.tgz (sha512-JmXMZ6wuvDmLiHEml9ykzqO6lwFbof0GG4IkcGaENdCRDDmMVnny7s5HsIgHCbaq0w2MyPhDqkhTUgS2LU2PHA==) seems to be corrupted. Trying again.
npm warn tarball tarball data for ignore@https://registry.npmjs.org/ignore/-/ignore-7.0.5.tgz (sha512-Hs59xBNfUIunMFgWAbGX5cq6893IbWg4KnrjbYwX3tx0ztorVgTDA6B2sxf8ejHJ4wz8BqGUMYlnzNBer5NvGg==) seems to be corrupted. Trying again.
npm warn tarball tarball data for immutable@https://registry.npmjs.org/immutable/-/immutable-5.1.9.tgz (sha512-m8nVez3rwrgmWxtLMt1ZYXB2Lv7OKYn/disyxAlSDYAlKSlFoPPfIAmAM/M5xqL4m4C/wAPw7S2/CNaUii1Hxg==) seems to be corrupted. Trying again.
npm warn tarball tarball data for iconv-lite@https://registry.npmjs.org/iconv-lite/-/iconv-lite-0.7.3.tgz (sha512-IKXpvIzjnC9XTAUbVBcMfGS0EPaIXtW6v+zr+RRp+hqULEpo0owZax6wyRwPOJbWbzjYspQwusTsfVr0ifh4uQ==) seems to be corrupted. Trying again.
npm warn tarball tarball data for https-proxy-agent@https://registry.npmjs.org/https-proxy-agent/-/https-proxy-agent-9.1.0.tgz (sha512-ag87y7cJJ9/3+GxFr8Oy4O5faDsGRGnBGsJj/YjOSsSx/5eadKLYTMPlzuR6obgoCDDm0abAAZitXXQkMOPSpA==) seems to be corrupted. Trying again.
npm warn tarball tarball data for ip-address@https://registry.npmjs.org/ip-address/-/ip-address-10.4.0.tgz (sha512-oSK96Grm3aP6OrS263xVxbNDGVL7rzBtYdpGqlDG8iQdoenDoTs/nkki+DflYbAEE8Xl6o5YxhxlrKvI3nqKXQ==) seems to be corrupted. Trying again.
npm warn tarball tarball data for html-encoding-sniffer@https://registry.npmjs.org/html-encoding-sniffer/-/html-encoding-sniffer-6.0.0.tgz (sha512-CV9TW3Y3f8/wT0BRFc1/KAVQ3TUHiXmaAb6VW9vtiMFf7SLoMd1PdAc4W3KFOFETBJUb90KatHqlsZMWV+R9Gg==) seems to be corrupted. Trying again.
npm warn tarball tarball data for hono@https://registry.npmjs.org/hono/-/hono-4.12.34.tgz (sha512-GqXJqY/xJkJmuloTrnV1ZEXG3fqte+VjkUqoRNZXcrUidiUOP4fMSIHHY4tsqZBK++kVyWmt/AAfSUuy57/eSA==) seems to be corrupted. Trying again.
npm warn tarball tarball data for hasown@https://registry.npmjs.org/hasown/-/hasown-2.0.4.tgz (sha512-T2UbfbBEF32wiepXIsMlTW9+dDYC6wMh/t/vYA4tuOMKqWz/n3vr1NFSxQiyP+zk2mXsoMA/i/7qV6LKut1t1A==) seems to be corrupted. Trying again.
npm warn tarball tarball data for import-meta-resolve@https://registry.npmjs.org/import-meta-resolve/-/import-meta-resolve-4.2.0.tgz (sha512-Iqv2fzaTQN28s/FwZAoFq0ZSs/7hMAHJVX+w8PZl3cY19Pxk6jFFalxQoIfW2826i/fDLXv8IiEZRIT0lDuWcg==) seems to be corrupted. Trying again.
npm warn tarball tarball data for hosted-git-info@https://registry.npmjs.org/hosted-git-info/-/hosted-git-info-10.1.1.tgz (sha512-DeOnSPAvOndYKfw075gt8yZzQ7S2hNztw34zBTfhIzLhmBTswIBg5/y+pqu/VD5cYWm5goAFTusDmUEmKZ0PEQ==) seems to be corrupted. Trying again.
npm warn tarball tarball data for has-symbols@https://registry.npmjs.org/has-symbols/-/has-symbols-1.1.0.tgz (sha512-1cDNdwJ2Jaohmb3sg4OmKaMBwuC48sYni5HUw2DvsC8LjGTLK9h+eb1X6RyuOHe4hT0ULCW68iomhjUoKUqlPQ==) seems to be corrupted. Trying again.
npm warn tarball tarball data for htmlparser2@https://registry.npmjs.org/htmlparser2/-/htmlparser2-10.1.0.tgz (sha512-VTZkM9GWRAtEpveh7MSF6SjjrpNVNNVJfFup7xTY3UpFtm67foy9HDVXneLtFVt4pMz5kZtgNcvCniNFb1hlEQ==) seems to be corrupted. Trying again.
npm warn tarball tarball data for http-errors@https://registry.npmjs.org/http-errors/-/http-errors-2.0.1.tgz (sha512-4FbRdAX+bSdmo4AUFuS0WNiPz8NgFt+r8ThgNWmlrjQjt1Q7ZR9+zTlce2859x4KSXrwIsaeTqDoKQmtP8pLmQ==) seems to be corrupted. Trying again.
npm warn tarball tarball data for graceful-fs@https://registry.npmjs.org/graceful-fs/-/graceful-fs-4.2.11.tgz (sha512-RbJ5/jmFcNNCcDV5o9eTnBLJ/HszWV0P73bc+Ff4nS/rJj+YaS6IGyiOL0VoBYX+l1Wrl3k63h/KrH+nhJ0XvQ==) seems to be corrupted. Trying again.
npm warn tarball tarball data for handlebars@https://registry.npmjs.org/handlebars/-/handlebars-4.7.9.tgz (sha512-4E71E0rpOaQuJR2A3xDZ+GM1HyWYv1clR58tC8emQNeQe3RH7MAzSbat+V0wG78LQBo6m6bzSG/L4pBuCsgnUQ==) seems to be corrupted. Trying again.
npm warn tarball tarball data for gopd@https://registry.npmjs.org/gopd/-/gopd-1.2.0.tgz (sha512-ZUKRh6/kUFoAiTAtTYPZJ3hw9wNxx+BIBOijnlG9PnrJsCcSjs1wyyD6vJpaYtgnzDrKYRSqf3OO6Rfa93xsRg==) seems to be corrupted. Trying again.
npm warn tarball tarball data for glob-parent@https://registry.npmjs.org/glob-parent/-/glob-parent-6.0.2.tgz (sha512-XxwI8EOhVQgWp6iDL+3b0r86f4d6AX6zSU55HfB4ydCEuXLXc5FcYeOu+nnGftS4TEju/11rt4KJPTMgbfmv4A==) seems to be corrupted. Trying again.
npm warn tarball tarball data for get-intrinsic@https://registry.npmjs.org/get-intrinsic/-/get-intrinsic-1.3.0.tgz (sha512-9fSjSaos/fRIVIp+xSJlE6lfwhES7LNtKaCBIamHsjr2na1BiABJPo0mOjjz8GJDURarmCPGqaiVg5mfjb98CQ==) seems to be corrupted. Trying again.
npm warn tarball tarball data for get-proto@https://registry.npmjs.org/get-proto/-/get-proto-1.0.1.tgz (sha512-sTSfBjoXBp89JvIKIefqw7U2CCebsc74kiY6awiGogKtoSGbgjYE/G/+l9sF3MWFPNc9IcoOC4ODfKHfxFmp0g==) seems to be corrupted. Trying again.
npm warn tarball tarball data for get-caller-file@https://registry.npmjs.org/get-caller-file/-/get-caller-file-2.0.5.tgz (sha512-DyFP3BM/3YHTQOCUL/w0OZHR0lpKeGrxotcHWcqNEdnltqFwXVfhEBQ94eIo34AfQpo0rGki4cyIiftY06h2Fg==) seems to be corrupted. Trying again.
npm warn tarball tarball data for get-east-asian-width@https://registry.npmjs.org/get-east-asian-width/-/get-east-asian-width-1.6.0.tgz (sha512-QRbvDIbx6YklUe6RxeTeleMR0yv3cYH6PsPZHcnVn7xv7zO1BHN8r0XETu8n6Ye3Q+ahtSarc3WgtNWmehIBfA==) seems to be corrupted. Trying again.
npm warn tarball tarball data for fs-extra@https://registry.npmjs.org/fs-extra/-/fs-extra-11.4.0.tgz (sha512-EQsFzMUJkCKGr1ePqlYADkIUmHW1s3ZXr5Yqy6wbGrfUCphpl2maM/kyOIRA2HpP3AaFQTZXD4ldjek+nccddA==) seems to be corrupted. Trying again.
npm warn tarball tarball data for gensync@https://registry.npmjs.org/gensync/-/gensync-1.0.0-beta.2.tgz (sha512-3hN7NaskYvMDLQY55gnW3NQ+mesEAepTqlg+VEbj7zzqEMBVNhzcGYYeqFo/TlYz6eQiFcp1HcsCZO+nGgS8zg==) seems to be corrupted. Trying again.
npm warn tarball tarball data for function-bind@https://registry.npmjs.org/function-bind/-/function-bind-1.1.2.tgz (sha512-7XHNxH7qX9xG5mIwxkhumTox/MIRNcOgDrxWsMt2pAr23WHp6MrRlN7FBSFpCpr+oVO0F744iUgR82nJMfG2SA==) seems to be corrupted. Trying again.
npm warn tarball tarball data for fresh@https://registry.npmjs.org/fresh/-/fresh-2.0.0.tgz (sha512-Rx/WycZ60HOaqLKAi6cHRKKI7zxWbJ31MhntmtwMoaTeF7XFH9hhBp8vITaMidfljRQ6eYWCKkaTK+ykVJHP2A==) seems to be corrupted. Trying again.
npm warn tarball tarball data for flat-cache@https://registry.npmjs.org/flat-cache/-/flat-cache-4.0.1.tgz (sha512-f7ccFPK3SXFHpx15UIGyRJ/FJQctuKZ0zVuN3frBo4HnK3cay9VEW0R6yPYFHC0AgqhukPzKjq22t5DmAyqGyw==) seems to be corrupted. Trying again.
npm warn tarball tarball data for flatted@https://registry.npmjs.org/flatted/-/flatted-3.4.4.tgz (sha512-5+ybhBZANEJxaH3X5evAFatUxLfEHSr7n6kYJ+1Qd0mUqr4eu9gIf6GDbWHf8RJijHrjjO8G+la14SlL2SeS1Q==) seems to be corrupted. Trying again.
npm warn tarball tarball data for find-up@https://registry.npmjs.org/find-up/-/find-up-5.0.0.tgz (sha512-78/PXT1wlLLDgTzDs7sjq9hzz0vXD+zn+7wypEe4fXQxCmdmqfGsEPQxmiCSQI3ajFV91bVSsvNtrJRiW6nGng==) seems to be corrupted. Trying again.
npm warn tarball tarball data for forwarded@https://registry.npmjs.org/forwarded/-/forwarded-0.2.0.tgz (sha512-buRG0fpBtRHSTCOASe6hD258tEubFoRLb4ZNA6NxMVHNw2gOcwHo9wyablzMzOA5z9xA9L1KNjk/Nt6MT9aYow==) seems to be corrupted. Trying again.
npm warn tarball tarball data for finalhandler@https://registry.npmjs.org/finalhandler/-/finalhandler-2.1.1.tgz (sha512-S8KoZgRZN+a5rNwqTxlZZePjT/4cnm0ROV70LedRHZ0p8u9fRID0hJUZQpkKLzro8LfmC8sx23bY6tVNxv8pQA==) seems to be corrupted. Trying again.
npm warn tarball tarball data for file-entry-cache@https://registry.npmjs.org/file-entry-cache/-/file-entry-cache-8.0.0.tgz (sha512-XXTUwCvisa5oacNGRP9SfNtYBNAMi+RPwBFmblZEF7N7swHYQS6/Zfk7SRwx4D5j3CH211YNRco1DEMNVfZCnQ==) seems to be corrupted. Trying again.
npm warn tarball tarball data for fdir@https://registry.npmjs.org/fdir/-/fdir-6.5.0.tgz (sha512-tIbYtZbucOs0BRGqPJkshJUYdL+SDH7dVM8gjy+ERp3WAUjLEFJE+02kanyHtwjWOnwrKYBiwAmM0p4kLJAnXg==) seems to be corrupted. Trying again.
npm warn tarball tarball data for fast-wrap-ansi@https://registry.npmjs.org/fast-wrap-ansi/-/fast-wrap-ansi-0.2.2.tgz (sha512-7F2Fl+TjRSenLqlU3UjSH0iyqopqoZIu7eZVpEirP2g1GtWa2G/ecEmBdgz31+Mxr+ELclgg6sokpSFIQiZ02Q==) seems to be corrupted. Trying again.
npm warn tarball tarball data for fast-string-width@https://registry.npmjs.org/fast-string-width/-/fast-string-width-3.0.2.tgz (sha512-gX8LrtNEI5hq8DVUfRQMbr5lpaS4nMIWV+7XEbXk2b8kiQIizgnlr12B4dA3ZEx3308ze0O4Q1R+cHts8kyUJg==) seems to be corrupted. Trying again.
npm warn tarball tarball data for fast-levenshtein@https://registry.npmjs.org/fast-levenshtein/-/fast-levenshtein-2.0.6.tgz (sha512-DCXu6Ifhqcks7TZKY3Hxp3y6qphY5SJZmrWMDrKcERSOXWQdMhU9Ig/PYrzyw/ul9jOIyh0N4M0tbC5hodg8dw==) seems to be corrupted. Trying again.
npm warn tarball tarball data for fast-string-truncated-width@https://registry.npmjs.org/fast-string-truncated-width/-/fast-string-truncated-width-3.0.3.tgz (sha512-0jjjIEL6+0jag3l2XWWizO64/aZVtpiGE3t0Zgqxv0DPuxiMjvB3M24fCyhZUO4KomJQPj3LTSUnDP3GpdwC0g==) seems to be corrupted. Trying again.
npm warn tarball tarball data for fast-json-stable-stringify@https://registry.npmjs.org/fast-json-stable-stringify/-/fast-json-stable-stringify-2.1.0.tgz (sha512-lhd/wF+Lk98HZoTCtlVraHtfh5XYijIjalXck7saUtuanSDyLMxnHhSXEDJqHxD7msR8D0uCmqlkwjCV8xvwHw==) seems to be corrupted. Trying again.
npm warn tarball tarball data for fast-deep-equal@https://registry.npmjs.org/fast-deep-equal/-/fast-deep-equal-3.1.3.tgz (sha512-f3qQ9oQy9j2AhBe/H9VC91wLmKBCCU/gDOnKNAYG5hswO7BLKj09Hc5HYNz9cGI++xlpDCIgDaitVs03ATR84Q==) seems to be corrupted. Trying again.
npm warn tarball tarball data for express-rate-limit@https://registry.npmjs.org/express-rate-limit/-/express-rate-limit-8.6.1.tgz (sha512-0D493aP61w0TJ2A0wy27riRsO7FMQ7FK+KUHOKCSfPvYo0R55aiC6emCVgFUeShH0fq0ICPVzNcgoS+BsbXQCA==) seems to be corrupted. Trying again.
npm warn tarball tarball data for express@https://registry.npmjs.org/express/-/express-5.2.1.tgz (sha512-hIS4idWWai69NezIdRt2xFVofaF4j+6INOpJlVOLDO8zXGpUVEVzIYk12UUi2JzjEzWL3IOAxcTubgz9Po0yXw==) seems to be corrupted. Trying again.
npm warn tarball tarball data for eventsource-parser@https://registry.npmjs.org/eventsource-parser/-/eventsource-parser-3.1.0.tgz (sha512-kJezFj9YFAMLeORyi7aCLxLbD5/qWMQnoMVlVPyHIll7lgRJCc3JVln9Vgl9nwQi0YkMnhdGTMNn7CkRRAptMg==) seems to be corrupted. Trying again.
npm warn tarball tarball data for eventsource@https://registry.npmjs.org/eventsource/-/eventsource-3.0.7.tgz (sha512-CRT1WTyuQoD771GW56XEZFQ/ZoSfWid1alKGDYMmkt2yl8UXrVR4pspqWNEcqKvVIzg6PAltWjxcSSPrboA4iA==) seems to be corrupted. Trying again.
npm warn tarball tarball data for eventemitter3@https://registry.npmjs.org/eventemitter3/-/eventemitter3-5.0.4.tgz (sha512-mlsTRyGaPBjPedk6Bvw+aqbsXDtoAyAzm5MO7JgU+yVRyMQ5O8bD4Kcci7BS85f93veegeCPkL8R4GLClnjLFw==) seems to be corrupted. Trying again.
npm warn tarball tarball data for etag@https://registry.npmjs.org/etag/-/etag-1.8.1.tgz (sha512-aIL5Fx7mawVa300al2BnEE4iNvo1qETxLrPI/o05L7z6go7fCw1J6EQmbK4FmJ2AS7kgVF/KEZWufBfdClMcPg==) seems to be corrupted. Trying again.
npm warn tarball tarball data for esutils@https://registry.npmjs.org/esutils/-/esutils-2.0.3.tgz (sha512-kVscqXk4OCp68SZ0dkgEKVi6/8ij300KBWTJq32P/dYeWTSwK41WyTxalN1eRmA5Z9UU/LX9D7FWSmV9SAYx6g==) seems to be corrupted. Trying again.
npm warn tarball tarball data for fast-uri@https://registry.npmjs.org/fast-uri/-/fast-uri-3.1.5.tgz (sha512-gHwA1O9LDIcKunMKhObS/HimwtehO1nPUECKAu5TpKgaO19fcWEl4bliWe1jWxVFvIXztJjjQ4L8XQ1EU9f7Jw==) seems to be corrupted. Trying again.
npm warn tarball tarball data for expect-type@https://registry.npmjs.org/expect-type/-/expect-type-1.4.0.tgz (sha512-KfYbmpRm0VbLjEvVa9yGwCi9GI34xvi7A/HXYWQO65CSD2u3MczUJSuwXKFIxlGsgBQizV9q5J9NHj4VG0n+pA==) seems to be corrupted. Trying again.
npm warn tarball tarball data for estree-walker@https://registry.npmjs.org/estree-walker/-/estree-walker-3.0.3.tgz (sha512-7RUKfXgSMMkzt6ZuXmqapOurLGPPfgj6l9uRZ7lRGolvk0y2yocc35LdcxKC5PQZdn2DMqioAQ2NoWcrTKmm6g==) seems to be corrupted. Trying again.
npm warn tarball tarball data for estraverse@https://registry.npmjs.org/estraverse/-/estraverse-5.3.0.tgz (sha512-MMdARuVEQziNTeJD8DgMqmhwR11BRQ/cBP+pLtYdSTnf3MIO8fFeiINEbX36ZdNlfU/7A9f3gUw49B3oQsvwBA==) seems to be corrupted. Trying again.
npm warn tarball tarball data for esrecurse@https://registry.npmjs.org/esrecurse/-/esrecurse-4.3.0.tgz (sha512-KmfKL3b6G+RXvP8N1vr3Tq1kL/oCFgn2NYXEtqP8/L3pKapUA4G8cFVaoF3SU323CD4XypR/ffioHmkti6/Tag==) seems to be corrupted. Trying again.
npm warn tarball tarball data for esquery@https://registry.npmjs.org/esquery/-/esquery-1.7.0.tgz (sha512-Ap6G0WQwcU/LHsvLwON1fAQX9Zp0A2Y6Y/cJBl9r/JbW90Zyg4/zbG6zzKa2OTALELarYHmKu0GhpM5EO+7T0g==) seems to be corrupted. Trying again.
npm warn tarball tarball data for espree@https://registry.npmjs.org/espree/-/espree-11.2.0.tgz (sha512-7p3DrVEIopW1B1avAGLuCSh1jubc01H2JHc8B4qqGblmg5gI9yumBgACjWo4JlIc04ufug4xJ3SQI8HkS/Rgzw==) seems to be corrupted. Trying again.
npm warn tarball tarball data for eslint-visitor-keys@https://registry.npmjs.org/eslint-visitor-keys/-/eslint-visitor-keys-3.4.3.tgz (sha512-wpc+LXeiyiisxPlEkUzU6svyS1frIO3Mgxj1fdy7Pm8Ygzguax2N3Fa/D/ag1WqbOprdI+uY6wMUl8/a2G+iag==) seems to be corrupted. Trying again.
npm warn tarball tarball data for escape-string-regexp@https://registry.npmjs.org/escape-string-regexp/-/escape-string-regexp-4.0.0.tgz (sha512-TtpcNJ3XAzx3Gq8sWRzJaVajRs0uVxA2YAkdb1jm2YkPz4G6egUFAyA3n5vtEIZefPk5Wa4UXbKuS5fKkJWdgA==) seems to be corrupted. Trying again.
npm warn tarball tarball data for eslint@https://registry.npmjs.org/eslint/-/eslint-10.8.1.tgz (sha512-wqA7W2jbsC/BnV9Iv1UZpKVFkO1AdNoSmYW8NWG4HNOBbkAMvIqDZ27pI2f07dqn583NcIC44ckjAcOXDL1QbQ==) seems to be corrupted. Trying again.
npm warn tarball tarball data for escape-html@https://registry.npmjs.org/escape-html/-/escape-html-1.0.3.tgz (sha512-NiSupZ4OeuGwr68lGIeym/ksIZMJodUGOSCZ/FSnTxcrekbvqrgdUxlJOMpijaKZVjAJrWrGs/6Jy8OMuyj9ow==) seems to be corrupted. Trying again.
npm warn tarball tarball data for escalade@https://registry.npmjs.org/escalade/-/escalade-3.2.0.tgz (sha512-WUj2qlxaQtO4g6Pq5c29GTcWGDyd8itL8zTlipgECz3JesAiiOKotd8JU6otB3PACgG6xkJUyVhboMS+bje/jA==) seems to be corrupted. Trying again.
npm warn tarball tarball data for es-module-lexer@https://registry.npmjs.org/es-module-lexer/-/es-module-lexer-2.3.1.tgz (sha512-shc1dbU90Yl/xq1QrC7QRtfcwURZuVRfPhZbDoldJ1cn1gzDvBaBWlv0eFolj5+0znnPJz5TXLxsN77X/12KTA==) seems to be corrupted. Trying again.
npm warn tarball tarball data for es-object-atoms@https://registry.npmjs.org/es-object-atoms/-/es-object-atoms-1.1.2.tgz (sha512-HWcBoN6NileqtSydK2FqHbS/LoDd2pqrnQHLyJzBj4kOp/ky2MWMN694xOfkK8/SnUsW2DH7EfyVlydKCsm1Zw==) seems to be corrupted. Trying again.
npm warn tarball tarball data for es-errors@https://registry.npmjs.org/es-errors/-/es-errors-1.3.0.tgz (sha512-Zf5H2Kxt2xjTvbJvP2ZWLEICxA6j+hAmMzIlypy4xcBg1vKVnx89Wy0GbS+kf5cwCVFFzdCFh2XSCFNULS6csw==) seems to be corrupted. Trying again.
npm warn tarball tarball data for eol@https://registry.npmjs.org/eol/-/eol-0.10.0.tgz (sha512-+w3ktYrOphcIqC1XKmhQYvM+o2uxgQFiimL7B6JPZJlWVxf7Lno9e/JWLPIgbHo7DoZ+b7jsf/NzrUcNe6ZTZQ==) seems to be corrupted. Trying again.
npm warn tarball tarball data for eslint-scope@https://registry.npmjs.org/eslint-scope/-/eslint-scope-9.1.2.tgz (sha512-xS90H51cKw0jltxmvmHy2Iai1LIqrfbw57b79w/J7MfvDfkIkFZ+kj6zC3BjtUwh150HsSSdxXZcsuv72miDFQ==) seems to be corrupted. Trying again.
npm warn tarball tarball data for es-define-property@https://registry.npmjs.org/es-define-property/-/es-define-property-1.0.1.tgz (sha512-e3nRfgfUZ4rNGL232gUgX06QNyyez04KdjFrF+LTRoOXmrOgFKDg4BCdsjW8EnT69eqdYGmRpJwiPVYNrCaW3g==) seems to be corrupted. Trying again.
npm warn tarball tarball data for esbuild@https://registry.npmjs.org/esbuild/-/esbuild-0.28.1.tgz (sha512-HrJrvZv5ayxBzPfwphOoNzkzOIIlifzk0KJrGK2c8R4+LKpMtpYLQeUdjnwjWv/LZlkH2laZk+4w78pi99D4Vw==) seems to be corrupted. Trying again.
npm warn tarball tarball data for entities@https://registry.npmjs.org/entities/-/entities-4.5.0.tgz (sha512-V0hjH4dGPh9Ao5p0MoRY6BVqtwCjhz6vI5LT8AJ55H+4g9/4vbHx1I54fS0XuclLhDHArPQCiMjDxjaL8fPxhw==) seems to be corrupted. Trying again.
npm warn tarball tarball data for encodeurl@https://registry.npmjs.org/encodeurl/-/encodeurl-2.0.0.tgz (sha512-Q0n9HRi4m6JuGIV1eFlmvJB7ZEVxu93IrMyiMsGC0lrMJMWzRgx6WGquyfQgZVb31vhGgXnfmPNNXmxnOkRBrg==) seems to be corrupted. Trying again.
npm warn tarball tarball data for emoji-regex@https://registry.npmjs.org/emoji-regex/-/emoji-regex-10.6.0.tgz (sha512-toUI84YS5YmxW219erniWD0CIVOo46xGKColeNQRgOzDorgBi1v4D71/OFzgD9GO2UGKIv1C3Sp8DAn0+j5w7A==) seems to be corrupted. Trying again.
npm warn tarball tarball data for electron-to-chromium@https://registry.npmjs.org/electron-to-chromium/-/electron-to-chromium-1.5.399.tgz (sha512-lEcqhErbHjXRvd41rnWLpzbyU/IXfIYo7QwaFWmxGeLiLyY2TBCdHnWY88vB+p3ubnihRypDm66panXl7TylLA==) seems to be corrupted. Trying again.
npm warn tarball tarball data for ee-first@https://registry.npmjs.org/ee-first/-/ee-first-1.1.1.tgz (sha512-WMwm9LhRUo+WUaRN+vRuETqG89IgZphVSNkdFgeb6sS/E4OrDIN7t48CAewSHXc6C8lefD8KKfr5vY61brQlow==) seems to be corrupted. Trying again.
npm warn tarball tarball data for empathic@https://registry.npmjs.org/empathic/-/empathic-2.0.1.tgz (sha512-YGRs8knHhKHVShLkFET/rWAU8kmHbOV5LwN938RHI0pljAJ1Gf6SzXsSmRaEzcXTtOOmVqJ5+WtQPL5uigY50Q==) seems to be corrupted. Trying again.
npm warn tarball tarball data for dunder-proto@https://registry.npmjs.org/dunder-proto/-/dunder-proto-1.0.1.tgz (sha512-KIN/nDJBQRcXw0MLVhZE9iQHmG68qAVIBg9CqmUYjmQIhgij9U5MFvrqkUL5FbtyyzZuOeOt0zdeRe4UY7ct+A==) seems to be corrupted. Trying again.
npm warn tarball tarball data for domutils@https://registry.npmjs.org/domutils/-/domutils-3.2.2.tgz (sha512-6kZKyUajlDuqlHKVX1w7gyslj9MPIXzIFiz/rGu35uC1wMi+kMhQwGhl4lt9unC9Vb9INnY9Z3/ZA3+FhASLaw==) seems to be corrupted. Trying again.
npm warn tarball tarball data for domelementtype@https://registry.npmjs.org/domelementtype/-/domelementtype-2.3.0.tgz (sha512-OLETBj6w0OsagBwdXnPdN0cnMfF9opN69co+7ZrbfPGrdpPVNBUj02spi6B1N7wChLQiPn4CSH/zJvXw56gmHw==) seems to be corrupted. Trying again.
npm warn tarball tarball data for domhandler@https://registry.npmjs.org/domhandler/-/domhandler-5.0.3.tgz (sha512-cgwlv/1iFQiFnU96XXgROh8xTeetsnJiDsTc7TYCLFd9+/WNkIqPTxiM/8pSd8VIrhXGTf1Ny1q1hquVqDJB5w==) seems to be corrupted. Trying again.
npm warn tarball tarball data for dom-serializer@https://registry.npmjs.org/dom-serializer/-/dom-serializer-2.0.0.tgz (sha512-wIkAryiqt/nV5EQKqQpo3SToSOV9J0DnbJqwK7Wv/Trc92zIAYZ4FlMu+JPFW1DfGFt81ZTCGgDEabffXeLyJg==) seems to be corrupted. Trying again.
npm warn tarball tarball data for detect-libc@https://registry.npmjs.org/detect-libc/-/detect-libc-2.1.2.tgz (sha512-Btj2BOOO83o3WyH59e8MgXsxEQVcarkUOpEYrubB0urwnN10yQ364rsiByU11nZlqWYZm05i/of7io4mzihBtQ==) seems to be corrupted. Trying again.
npm warn tarball tarball data for deep-is@https://registry.npmjs.org/deep-is/-/deep-is-0.1.4.tgz (sha512-oIPzksmTg4/MriiaYGO+okXDT7ztn/w3Eptv/+gSIdMdKsJo0u4CfYNFJPy+4SKMuCqGw2wxnA+URMg3t8a/bQ==) seems to be corrupted. Trying again.
npm warn tarball tarball data for depd@https://registry.npmjs.org/depd/-/depd-2.0.0.tgz (sha512-g7nH6P6dyDioJogAAGprGpCtVImJhpPk/roCzdb3fIh61/s/nPsfR6onyMwkCAR/OlC3yBC0lESvUoQEAssIrw==) seems to be corrupted. Trying again.
npm warn tarball tarball data for decimal.js@https://registry.npmjs.org/decimal.js/-/decimal.js-10.6.0.tgz (sha512-YpgQiITW3JXGntzdUmyUR1V812Hn8T1YVXhCu+wO3OpS4eU9l4YdD3qjyiKdV6mvV29zapkMeD390UVEf2lkUg==) seems to be corrupted. Trying again.
npm warn tarball tarball data for debug@https://registry.npmjs.org/debug/-/debug-4.4.3.tgz (sha512-RGwwWnwQvkVfavKVt22FGLw+xYSdzARwm0ru6DhTVA3umU5hZc28V3kO4stgYryrTlLpuvgI9GiijltAjNbcqA==) seems to be corrupted. Trying again.
npm warn tarball tarball data for data-urls@https://registry.npmjs.org/data-urls/-/data-urls-7.0.0.tgz (sha512-23XHcCF+coGYevirZceTVD7NdJOqVn+49IHyxgszm+JIiHLoB2TkmPtsYkNWT1pvRSGkc35L6NHs0yHkN2SumA==) seems to be corrupted. Trying again.
npm warn tarball tarball data for css-what@https://registry.npmjs.org/css-what/-/css-what-7.0.0.tgz (sha512-wD5oz5xibMOPHzy13CyGmogB3phdvcDaB5t0W/Nr5Z2O/agcB8YwOz6e2Lsp10pNDzBoDO9nVa3RGs/2BttpHQ==) seems to be corrupted. Trying again.
npm warn tarball tarball data for css-tree@https://registry.npmjs.org/css-tree/-/css-tree-3.2.1.tgz (sha512-X7sjQzceUhu1u7Y/ylrRZFU2FS6LRiFVp6rKLPg23y3x3c3DOKAwuXGDp+PAGjh6CSnCjYeAul8pcT8bAl+lSA==) seems to be corrupted. Trying again.
npm warn tarball tarball data for typescript@https://registry.npmjs.org/typescript/-/typescript-6.0.3.tgz (sha512-y2TvuxSZPDyQakkFRPZHKFm+KKVqIisdg9/CZwm9ftvKXLP8NRWj38/ODjNbr43SsoXqNuAisEf1GdCxqWcdBw==) seems to be corrupted. Trying again.
npm warn tarball tarball data for css-select@https://registry.npmjs.org/css-select/-/css-select-6.0.0.tgz (sha512-rZZVSLle8v0+EY8QAkDWrKhpgt6SA5OtHsgBnsj6ZaLb5dmDVOWUDtQitd9ydxxvEjhewNudS6eTVU7uOyzvXw==) seems to be corrupted. Trying again.
npm warn tarball tarball data for cross-spawn@https://registry.npmjs.org/cross-spawn/-/cross-spawn-7.0.6.tgz (sha512-uV2QOWP2nWzsy2aMp8aRibhi9dlzF5Hgh5SHaB9OiTGEyDTiJJyx0uy51QXdyWbtAHNua4XJzUKca3OzKUd3vA==) seems to be corrupted. Trying again.
npm warn tarball tarball data for cors@https://registry.npmjs.org/cors/-/cors-2.8.6.tgz (sha512-tJtZBBHA6vjIAaF6EnIaq6laBBP9aq/Y3ouVJjEfoHbRBcHBAHYcMh/w8LDrk2PvIMMq8gmopa5D4V8RmbrxGw==) seems to be corrupted. Trying again.
npm warn tarball tarball data for environment@https://registry.npmjs.org/environment/-/environment-1.1.0.tgz (sha512-xUtoPkMggbz0MPyPiIWr1Kp4aeWJjDZ6SMvURhimjdZgsRuDplF5/s9hcgGhyXMhs+6vpnuoiZ2kFiu3FMnS8Q==) seems to be corrupted. Trying again.
npm warn tarball tarball data for cookie-signature@https://registry.npmjs.org/cookie-signature/-/cookie-signature-1.2.2.tgz (sha512-D76uU73ulSXrD1UXF4KE2TMxVVwhsnCgfAyTg9k8P6KGZjlXKrOLe4dJQKI3Bxi5wjesZoFXJWElNWBjPZMbhg==) seems to be corrupted. Trying again.
npm warn tarball tarball data for cookie@https://registry.npmjs.org/cookie/-/cookie-0.7.2.tgz (sha512-yki5XnKuf750l50uGTllt6kKILY4nQ1eNIQatoXEByZ5dWgnKqbnqmTrBE5B4N7lrMJKQ2ytWMiTO2o0v6Ew/w==) seems to be corrupted. Trying again.
npm warn tarball tarball data for convert-source-map@https://registry.npmjs.org/convert-source-map/-/convert-source-map-1.9.0.tgz (sha512-ASFBup0Mz1uyiIjANan1jzLQami9z1PoYSZCiiYW2FczPbenXc45FZdBZLzOT+r6+iciuEModtmCti+hjaAk0A==) seems to be corrupted. Trying again.
npm warn tarball tarball data for content-type@https://registry.npmjs.org/content-type/-/content-type-1.0.5.tgz (sha512-nTjqfcBFEipKdXCv4YDQWCfmcLZKm81ldF0pAopTvyrFGVbcR6P/VAAd5G7N+0tTr8QqiU0tFadD6FK4NtJwOA==) seems to be corrupted. Trying again.
npm warn tarball tarball data for content-disposition@https://registry.npmjs.org/content-disposition/-/content-disposition-1.1.0.tgz (sha512-5jRCH9Z/+DRP7rkvY83B+yGIGX96OYdJmzngqnw2SBSxqCFPd0w2km3s5iawpGX8krnwSGmF0FW5Nhr0Hfai3g==) seems to be corrupted. Trying again.
npm warn tarball tarball data for cli-width@https://registry.npmjs.org/cli-width/-/cli-width-4.1.0.tgz (sha512-ouuZd4/dm2Sw5Gmqy6bGyNNNe1qt9RpmxveLSO7KcgsTnU7RXfsw+/bukWGo1abgBiMAic068rclZsO4IWmmxQ==) seems to be corrupted. Trying again.
npm warn tarball tarball data for cliui@https://registry.npmjs.org/cliui/-/cliui-9.0.1.tgz (sha512-k7ndgKhwoQveBL+/1tqGJYNz097I7WOvwbmmU2AR5+magtbjPWQTS1C5vzGkBC8Ym8UWRzfKUzUUqFLypY4Q+w==) seems to be corrupted. Trying again.
npm warn tarball tarball data for cli-truncate@https://registry.npmjs.org/cli-truncate/-/cli-truncate-5.2.0.tgz (sha512-xRwvIOMGrfOAnM1JYtqQImuaNtDEv9v6oIYAs4LIHwTiKee8uwvIi363igssOC0O5U04i4AlENs79LQLu9tEMw==) seems to be corrupted. Trying again.
npm warn tarball tarball data for cli-spinners@https://registry.npmjs.org/cli-spinners/-/cli-spinners-3.4.0.tgz (sha512-bXfOC4QcT1tKXGorxL3wbJm6XJPDqEnij2gQ2m7ESQuE+/z9YFIWnl/5RpTiKWbMq3EVKR4fRLJGn6DVfu0mpw==) seems to be corrupted. Trying again.
npm warn tarball tarball data for cli-cursor@https://registry.npmjs.org/cli-cursor/-/cli-cursor-5.0.0.tgz (sha512-aCj4O5wKyszjMmDT4tZj93kxyydN/K5zPWSCe6/0AV/AA1pqe5ZBIw0a2ZfPQV7lL5/yb5HsUreJ6UFAF1tEQw==) seems to be corrupted. Trying again.
npm warn tarball tarball data for chokidar@https://registry.npmjs.org/chokidar/-/chokidar-5.0.0.tgz (sha512-TQMmc3w+5AxjpL8iIiwebF73dRDF4fBIieAqGn9RGCWaEVwQ6Fb2cGe31Yns0RRIzii5goJ1Y7xbMwo1TxMplw==) seems to be corrupted. Trying again.
npm warn tarball tarball data for chardet@https://registry.npmjs.org/chardet/-/chardet-2.2.0.tgz (sha512-rddelWYNPRrXq6PtNEN2S3f6t9ILzvqaN5pVgi4kqt9jHQaXIial9PznB5iSPVlQSLNaaH22ItWz3EJtQ10+OA==) seems to be corrupted. Trying again.
npm warn tarball tarball data for caniuse-lite@https://registry.npmjs.org/caniuse-lite/-/caniuse-lite-1.0.30001806.tgz (sha512-72Cuvd95zbSYPKq6Fhg8eDJRlzgWDf7/mtoZv6Qe/DYNCEBdNxoA3+rZAU2ZhGCpZlns3EssFavaZomckT5Uuw==) seems to be corrupted. Trying again.
npm warn tarball tarball data for chai@https://registry.npmjs.org/chai/-/chai-6.2.2.tgz (sha512-NUPRluOfOiTKBKvWPtSD4PhFvWCqOi0BGStNWs57X9js7XGTprSmFoz5F0tWhR4WPjNeR9jXqdC7/UpSJTnlRg==) seems to be corrupted. Trying again.
npm warn tarball tarball data for call-bound@https://registry.npmjs.org/call-bound/-/call-bound-1.0.4.tgz (sha512-+ys997U96po4Kx/ABpBCqhA9EuxJaQWDQg7295H4hBphv3IZg0boBKuwYpt4YXp6MZ5AmZQnU/tyMTlRpaSejg==) seems to be corrupted. Trying again.
npm warn tarball tarball data for bytes@https://registry.npmjs.org/bytes/-/bytes-3.1.2.tgz (sha512-/Nf7TyzTx6S3yRJObOAV7956r8cr2+Oj8AC5dt8wSP3BQAoeX58NoHyCU8P8zGkNXStjTSi6fzO6F0pBdcYbEg==) seems to be corrupted. Trying again.
npm warn tarball tarball data for buffer-from@https://registry.npmjs.org/buffer-from/-/buffer-from-1.1.2.tgz (sha512-E+XQCRwSbaaiChtv6k6Dwgc+bx+Bs6vuKJHHl5kox/BaKbhiXzqQOwK4cO22yElGp2OCmjwVhT3HmxgyPGnJfQ==) seems to be corrupted. Trying again.
npm warn tarball tarball data for brace-expansion@https://registry.npmjs.org/brace-expansion/-/brace-expansion-5.0.9.tgz (sha512-ScQ4IuvIEF1TMlP7Zt+vjJ//9zlPb2SDcxWxM3bk8s6t6GGdJ7KO1dCcTidOPJKePW30LE/2cT7wCyPho9/Wxg==) seems to be corrupted. Trying again.
npm warn tarball tarball data for chalk@https://registry.npmjs.org/chalk/-/chalk-5.6.2.tgz (sha512-7NzBL0rN6fMUW+f7A6Io4h40qQlG+xGmtMxfbnH/K7TAtt8JQWVQK+6g0UXKMeVJoyV5EkkNsErQ8pVD3bLHbA==) seems to be corrupted. Trying again.
npm warn tarball tarball data for body-parser@https://registry.npmjs.org/body-parser/-/body-parser-2.3.0.tgz (sha512-2cGmJupaNgg+QUwVLAucDuWuoMZ6EX9iHDRswZ5lsNYEmwPaRknMPCLZz07yTzVq/83p4o/wzbDZbBrTvGGTIw==) seems to be corrupted. Trying again.
npm warn tarball tarball data for beasties@https://registry.npmjs.org/beasties/-/beasties-0.4.3.tgz (sha512-fIIeLOcbAB/K1kb1HBVJoiq1alHL4RCYBSo5e7HzrNkkgMggXR1Vqt/Z9JWnkfe/qdCo66Ux3QRwZioAIBdWRA==) seems to be corrupted. Trying again.
npm warn tarball tarball data for boolbase@https://registry.npmjs.org/boolbase/-/boolbase-1.0.0.tgz (sha512-JZOSA7Mo9sNGB8+UjSgzdLtokWAky1zbztM3WRLCbZ70/3cTANmQmOdR7y2g+J0e2WXywy1yS468tY+IruqEww==) seems to be corrupted. Trying again.
npm warn tarball tarball data for browserslist@https://registry.npmjs.org/browserslist/-/browserslist-4.28.7.tgz (sha512-JxV13hNrFxqjOc8alRbq9dK1MM79NEXYpma2B2J4wAtpWS5zIEIKqWPGCl7N4o7Uc7B7itylh7SuDujATRyyTw==) seems to be corrupted. Trying again.
npm warn tarball tarball data for bidi-js@https://registry.npmjs.org/bidi-js/-/bidi-js-1.0.3.tgz (sha512-RKshQI1R3YQ+n9YJz2QQ147P66ELpa1FQEg20Dk8oW9t2KgLbpDLLp9aGZ7y8WHSshDknG0bknqGw5/tyCs5tw==) seems to be corrupted. Trying again.
npm warn tarball tarball data for call-bind-apply-helpers@https://registry.npmjs.org/call-bind-apply-helpers/-/call-bind-apply-helpers-1.0.2.tgz (sha512-Sp1ablJ0ivDkSzjcaJdxEunN5/XvksFJ2sMBFfq6x0ryhQV/2b/KwFe21cMpmHtPOSij8K99/wSfoEuTObmuMQ==) seems to be corrupted. Trying again.
npm warn tarball tarball data for baseline-browser-mapping@https://registry.npmjs.org/baseline-browser-mapping/-/baseline-browser-mapping-2.11.11.tgz (sha512-/yImnXwyTvgMkhgekLHok/Rx5vO6E0BmStWlSqKWMVm2a2ITuZ1Tn+9bgLS+gZRdZmWtd8nxuhHpdmCUOWsTQQ==) seems to be corrupted. Trying again.
npm warn tarball tarball data for balanced-match@https://registry.npmjs.org/balanced-match/-/balanced-match-4.0.4.tgz (sha512-BLrgEcRTwX2o6gGxGOCNyMvGSp35YofuYzw9h1IMTRmKqttAZZVU67bdb9Pr2vUHA8+j3i2tJfjO6C6+4myGTA==) seems to be corrupted. Trying again.
npm warn tarball tarball data for aria-query@https://registry.npmjs.org/aria-query/-/aria-query-5.3.2.tgz (sha512-COROpnaoap1E2F000S62r6A60uHZnmlvomhfyT2DlTcrY1OrBKn2UhH7qn5wTC9zMvD0AY7csdPSNwKP+7WiQw==) seems to be corrupted. Trying again.
npm warn tarball tarball data for argparse@https://registry.npmjs.org/argparse/-/argparse-2.0.1.tgz (sha512-8+9WqebbFzpX9OR+Wa6O29asIogeRMzcGtAINdpMHHyAg10f05aSFVBbcEqGf/PXw1EjAZ+q2/bEBg3DvurK3Q==) seems to be corrupted. Trying again.
npm warn tarball tarball data for ansi-styles@https://registry.npmjs.org/ansi-styles/-/ansi-styles-6.2.3.tgz (sha512-4Dj6M28JB+oAH8kFkTLUo+a2jwOFkuqb3yucU0CANcRRUbxS0cP0nZYCGjcc3BNXwRIsUVmDGgzawme7zvJHvg==) seems to be corrupted. Trying again.
npm warn tarball tarball data for ansi-escapes@https://registry.npmjs.org/ansi-escapes/-/ansi-escapes-7.3.0.tgz (sha512-BvU8nYgGQBxcmMuEeUEmNTvrMVjJNSH7RgW24vXexN4Ven6qCvy4TntnvlnwnMLTVlcRQQdbRY8NKnaIoeWDNg==) seems to be corrupted. Trying again.
npm warn tarball tarball data for ansi-regex@https://registry.npmjs.org/ansi-regex/-/ansi-regex-6.2.2.tgz (sha512-Bq3SmSpyFHaWjPk8If9yc6svM8c56dB5BAtW4Qbw5jHTwwXXcTLoRMkpDJp6VL0XzlWaCHTXrkFURMYmD0sLqg==) seems to be corrupted. Trying again.
npm warn tarball tarball data for axobject-query@https://registry.npmjs.org/axobject-query/-/axobject-query-4.1.0.tgz (sha512-qIj0G9wZbMGNLjLmg1PT6v2mE9AH2zlnADJD/2tC6E00hgmhUOfEB6greHPAfLRSufHqROIUTkw6E+M3lH0PTQ==) seems to be corrupted. Trying again.
npm warn tarball tarball data for angular-eslint@https://registry.npmjs.org/angular-eslint/-/angular-eslint-22.1.0.tgz (sha512-LU5a6MOSeQTETnc4xaHi10p9S1cstNczr93sChi3rx8IzgH4+risIsjjQHVLSnQDrSGH2O8jAGCaChker7f7TQ==) seems to be corrupted. Trying again.
npm warn tarball tarball data for ajv-formats@https://registry.npmjs.org/ajv-formats/-/ajv-formats-3.0.1.tgz (sha512-8iUql50EUR+uUcdRQ3HDqa6EVyo3docL8g5WJ3FNcWmu62IbkGUue/pEyLBW8VGKKucTPgqeks4fIU1DA4yowQ==) seems to be corrupted. Trying again.
npm warn tarball tarball data for agent-base@https://registry.npmjs.org/agent-base/-/agent-base-9.0.0.tgz (sha512-TQf59BsZnytt8GdJKLPfUZ54g/iaUL2OWDSFCCvMOhsHduDQxO8xC4PNeyIkVcA5KwL2phPSv0douC0fgWzmnA==) seems to be corrupted. Trying again.
npm warn tarball tarball data for assertion-error@https://registry.npmjs.org/assertion-error/-/assertion-error-2.0.1.tgz (sha512-Izi8RQcffqCeNVgFigKli1ssklIbpHnCYc6AknXGYoB6grJqyeby7jv12JUQgmTAnIDnbck1uxksT4dzN3PWBA==) seems to be corrupted. Trying again.
npm warn tarball tarball data for acorn@https://registry.npmjs.org/acorn/-/acorn-8.18.0.tgz (sha512-lGq+9yr1/GuAWaVYIHRjvvySG5/4VfKIvC8EWxStPdcDh/Ka7FG3twP6v4d5BkravUilhIAsG4Qj83t02LWUPQ==) seems to be corrupted. Trying again.
npm warn tarball tarball data for accepts@https://registry.npmjs.org/accepts/-/accepts-2.0.0.tgz (sha512-5cvg6CtKwfgdmVqY1WIiXKc3Q1bkRqGLi+2W/6ao+6Y7gu/RCwRuAhGEzh5B4KlszSuTLgZYuqFqo5bImjNKng==) seems to be corrupted. Trying again.
npm warn tarball tarball data for @vitest/runner@https://registry.npmjs.org/@vitest/runner/-/runner-4.1.10.tgz (sha512-IKI6kpIH+LmpROplyLwBBaCfMgOZOMsygVa6BARD6ahA04VRuJSa6OaVG7kRvSEMD870Vd91rSSw0eegtWyLGg==) seems to be corrupted. Trying again.
npm warn tarball tarball data for @vitest/spy@https://registry.npmjs.org/@vitest/spy/-/spy-4.1.10.tgz (sha512-PLf/Ugvoq5wO/b4rwYCR1h2PSIdXz7wnkQFMiUpLdtM7l6pqVFcQIBEHyT1+l+cj7mNwAfZHzqXqDyjvOuwbDw==) seems to be corrupted. Trying again.
npm warn tarball tarball data for acorn-jsx@https://registry.npmjs.org/acorn-jsx/-/acorn-jsx-5.3.2.tgz (sha512-rq9s+JNhf0IChjtDXxllJ7g41oZk5SlXtp0LHwyA5cejwn7vKmKp4pPri6YEePv2PU65sAsegbXtIinmDFDXgQ==) seems to be corrupted. Trying again.
npm warn tarball tarball data for @vitest/snapshot@https://registry.npmjs.org/@vitest/snapshot/-/snapshot-4.1.10.tgz (sha512-xRkfOT1qpTAi/Ti4Y1LtfRc3kEuqxGw59eN2jN9pRWMtS/XDevekhcFSqvQqjUNGksfjMJu3Y+oJ+4Ypn2OaJw==) seems to be corrupted. Trying again.
npm warn tarball tarball data for ajv@https://registry.npmjs.org/ajv/-/ajv-8.20.0.tgz (sha512-Thbli+OlOj+iMPYFBVBfJ3OmCAnaSyNn4M1vz9T6Gka5Jt9ba/HIR56joy65tY6kx/FCF5VXNB819Y7/GUrBGA==) seems to be corrupted. Trying again.
npm warn tarball tarball data for @vitest/mocker@https://registry.npmjs.org/@vitest/mocker/-/mocker-4.1.10.tgz (sha512-v0xaezt+DKEmKfaxg133ldzADrwLGd7Ze1MfQQTYfvs8OqZIwbxyxaYURivwV7sWy5fqn3rH5uOrSp07bp44Ow==) seems to be corrupted. Trying again.
npm warn tarball tarball data for @vitest/pretty-format@https://registry.npmjs.org/@vitest/pretty-format/-/pretty-format-4.1.10.tgz (sha512-W1HsjSH4MXQ9YfmmhLAoIYf1HRfekQCGngeIgcei6MP5QQGWUe0gkopdZQaVCFO+JDJMrAJGwa5pRpNpvy4P8Q==) seems to be corrupted. Trying again.
npm warn tarball tarball data for @vitest/expect@https://registry.npmjs.org/@vitest/expect/-/expect-4.1.10.tgz (sha512-YsCn+qAk1GWjQOWFEsEcL2gNQ0zmVmQu3T03qP6UyjhtmdtwtbuI+DASn/7iQB3HGTXkdBwGddzxPlmiql5vlA==) seems to be corrupted. Trying again.
npm warn tarball tarball data for @vitest/utils@https://registry.npmjs.org/@vitest/utils/-/utils-4.1.10.tgz (sha512-fy9am/HWxbaGt/Sawrp90vt6Y6jQwf1RX77cz3uwoJwJVMli/e1IEwRPnMNJ7vKfPTwo0diXifkpPvwH9v7nGA==) seems to be corrupted. Trying again.
npm warn tarball tarball data for @typescript-eslint/visitor-keys@https://registry.npmjs.org/@typescript-eslint/visitor-keys/-/visitor-keys-8.67.0.tgz (sha512-fkv8dHRDqfGtTHuJeebdrQ7cX6Ad4WAS00rgHh9UGvMycF1mjBfsxry1XsLIFhWZ6Judlh6UdzK+TYlbpCXgnA==) seems to be corrupted. Trying again.
npm warn tarball tarball data for @vitejs/plugin-basic-ssl@https://registry.npmjs.org/@vitejs/plugin-basic-ssl/-/plugin-basic-ssl-2.3.0.tgz (sha512-bdyo8rB3NnQbikdMpHaML9Z1OZPBu6fFOBo+OtxsBlvMJtysWskmBcnbIDhUqgC8tcxNv/a+BcV5U+2nQMm1OQ==) seems to be corrupted. Trying again.
npm warn tarball tarball data for @typescript-eslint/typescript-estree@https://registry.npmjs.org/@typescript-eslint/typescript-estree/-/typescript-estree-8.67.0.tgz (sha512-EKQBCE9yNlRJYm7jdTW5AhDacDUmSwQb0FAJAmK2EKYrNXIsa2vxcSZx6PvJ/dEdI6lS+Y9W+EXckLj0iPFGcw==) seems to be corrupted. Trying again.
npm warn tarball tarball data for @typescript-eslint/tsconfig-utils@https://registry.npmjs.org/@typescript-eslint/tsconfig-utils/-/tsconfig-utils-8.67.0.tgz (sha512-vV+LUSv5njUWsknE71fqKTlXUva+R76SaeORd6Zojcunk/6DvKFXONU3BrAs2H49mbygUXt6gbYunzwqNwlhdg==) seems to be corrupted. Trying again.
npm warn tarball tarball data for @typescript-eslint/types@https://registry.npmjs.org/@typescript-eslint/types/-/types-8.67.0.tgz (sha512-sBtgslww8nsMYUjhdPBiSyUqSzT8uR6g93A2QXnQC8+cGdjz0CyaOdqHDRJb1AtORbZCNUJBBeFA/tNR2uQmww==) seems to be corrupted. Trying again.
npm warn tarball tarball data for @typescript-eslint/project-service@https://registry.npmjs.org/@typescript-eslint/project-service/-/project-service-8.67.0.tgz (sha512-cvE8c7ulYeXN9fYuszhCeCsbzyVEXuhrRCybnBre7TUmqb5nRmBfQAwCj0O3WJFDeyAZt4VYv51vMCC9LHSdYw==) seems to be corrupted. Trying again.
npm warn tarball tarball data for @typescript-eslint/utils@https://registry.npmjs.org/@typescript-eslint/utils/-/utils-8.67.0.tgz (sha512-U9D1FdwEWBwok3hxxSdhclMb0twvt9QnjIQ0VfQ1AiX2epnpSgv2ubVDsayOFyY8K6FX+AQ7E0FKWVG3iKsj1A==) seems to be corrupted. Trying again.
npm warn tarball tarball data for @types/json-schema@https://registry.npmjs.org/@types/json-schema/-/json-schema-7.0.15.tgz (sha512-5+fP8P8MFNC+AyZCDxrB2pkZFPGzqQWUzpSeuuVLvm8VMcorNYavBqoFcxK8bQz4Qsbn4oUEEem4wDLfcysGHA==) seems to be corrupted. Trying again.
npm warn tarball tarball data for @typescript-eslint/parser@https://registry.npmjs.org/@typescript-eslint/parser/-/parser-8.67.0.tgz (sha512-fUBfTuuEulWqX6V8+O3PtScV01tzYYRUDTAirHFKoRAt7nOzoGiPt0M/bB47wWNy0coOOcgEwAMUtBpykMxl6w==) seems to be corrupted. Trying again.
npm warn tarball tarball data for @types/jsesc@https://registry.npmjs.org/@types/jsesc/-/jsesc-2.5.1.tgz (sha512-9VN+6yxLOPLOav+7PwjZbxiID2bVaeq0ED4qSQmdQTdjnXJSaCVKTR58t15oqH1H5t8Ng2ZX1SabJVoN9Q34bw==) seems to be corrupted. Trying again.
npm warn tarball tarball data for @types/gensync@https://registry.npmjs.org/@types/gensync/-/gensync-1.0.5.tgz (sha512-MbsRCT7mTikHwKZ0X+LVUTLRrZZRLipTuXEO9qOYO+zmjMVk81axyClMROf6uoPD9MRVu46bx8zoR0Ad9q3NAg==) seems to be corrupted. Trying again.
npm warn tarball tarball data for @typescript-eslint/type-utils@https://registry.npmjs.org/@typescript-eslint/type-utils/-/type-utils-8.67.0.tgz (sha512-aVWDXbRmdXO9siTfX4ditQI1T9+zVcNazT48EJCD0v40/9RIFoUgZ05CmGEq9H2gixRpjUn/iplwvlcvutJW/Q==) seems to be corrupted. Trying again.
npm warn tarball tarball data for @typescript-eslint/eslint-plugin@https://registry.npmjs.org/@typescript-eslint/eslint-plugin/-/eslint-plugin-8.67.0.tgz (sha512-Un7Heoyj65NREbKAyIrFxeM143NZpExWmy1Nep4DLeQOeLlTeumPjoNKnBrU5D5moWXbPJgRa5Uwcdu0faVNGQ==) seems to be corrupted. Trying again.
npm warn tarball tarball data for @types/estree@https://registry.npmjs.org/@types/estree/-/estree-1.0.9.tgz (sha512-GhdPgy1el4/ImP05X05Uw4cw2/M93BCUmnEvWZNStlCzEKME4Fkk+YpoA5OiHNQmoS7Cafb8Xa3Pya8m1Qrzeg==) seems to be corrupted. Trying again.
npm warn tarball tarball data for @types/deep-eql@https://registry.npmjs.org/@types/deep-eql/-/deep-eql-4.0.2.tgz (sha512-c9h9dVVMigMPc4bwTvC5dxqtqJZwQPePsWjPlpSOnojbor6pGqdk541lfA7AqFQr5pB1BRdq0juY9db81BwyFw==) seems to be corrupted. Trying again.
npm warn tarball tarball data for @types/chai@https://registry.npmjs.org/@types/chai/-/chai-5.2.3.tgz (sha512-Mw558oeA9fFbv65/y4mHtXDs9bPnFMZAL/jxdPFUpOHHIXX91mcgEHbS5Lahr+pwZFR8A7GQleRWeI6cGFC2UA==) seems to be corrupted. Trying again.
npm warn tarball tarball data for @standard-schema/spec@https://registry.npmjs.org/@standard-schema/spec/-/spec-1.1.0.tgz (sha512-l2aFy5jALhniG5HgqrD6jXLi/rUWrKvqN/qJx6yoJsgKhblVd+iqqU4RCXavm/jPityDo5TCvKMnpjKnOriy0w==) seems to be corrupted. Trying again.
npm warn tarball tarball data for @rolldown/pluginutils@https://registry.npmjs.org/@rolldown/pluginutils/-/pluginutils-1.0.1.tgz (sha512-2j9bGt5Jh8hj+vPtgzPtl72j0yRxHAyumoo6TNfAjsLB04UtpSvPbPcDcBMxz7n+9CYB0c1GxQFxYRg2jimqGw==) seems to be corrupted. Trying again.
npm warn tarball tarball data for @types/esrecurse@https://registry.npmjs.org/@types/esrecurse/-/esrecurse-4.3.1.tgz (sha512-xJBAbDifo5hpffDBuHl0Y8ywswbiAp/Wi7Y/GtAgSlZyIABppyurxVueOPE8LUQOxdlgi6Zqce7uoEpqNTeiUw==) seems to be corrupted. Trying again.
npm warn tarball tarball data for @typescript-eslint/scope-manager@https://registry.npmjs.org/@typescript-eslint/scope-manager/-/scope-manager-8.67.0.tgz (sha512-EgvsleTwS4E+WzzSvem8fAUubLwatMNF1B5hHSLQxcvs7q2dtRhGyujHwLJSYlG41niJ7GP24Aha2+0mb1b2kg==) seems to be corrupted. Trying again.
npm warn tarball tarball data for @rolldown/binding-linux-x64-gnu@https://registry.npmjs.org/@rolldown/binding-linux-x64-gnu/-/binding-linux-x64-gnu-1.2.0.tgz (sha512-MK7L0018jjh1jR3mh21G2j1zAVcpscJBlPo2z19pRjv2XOYGRhaV4LyiD8HO6nCDdZln9IFgCMIV5yt4E3klGQ==) seems to be corrupted. Trying again.
npm warn tarball tarball data for @playwright/test@https://registry.npmjs.org/@playwright/test/-/test-1.62.1.tgz (sha512-DTcUc8qii+cpHvtOwggMtBRMjKZHXYWdw8syRYu2vtzuq4Wxphqq4NfCs5Zt44L6mA8rfDfj+PHnxFc/FeK6mQ==) seems to be corrupted. Trying again.
npm warn tarball tarball data for @parcel/watcher@https://registry.npmjs.org/@parcel/watcher/-/watcher-2.6.0.tgz (sha512-7FNeNl8NCE7aINx7WXiKQrPYZWC/hvrTsmk6zmxbI7LTXE7hVek/n8AfVgpe2y82zl3w0HvCHN0bVKMBoJcC0w==) seems to be corrupted. Trying again.
npm warn tarball tarball data for @oxc-project/types@https://registry.npmjs.org/@oxc-project/types/-/types-0.142.0.tgz (sha512-7W+2q5AKQVU36fkaryontrHn3YDt1RyUYXatw9i5H8ocYe2sPKSFB6eS8WNPeRKiN1qAWWZUPm7gwFzJGrccqQ==) seems to be corrupted. Trying again.
npm warn tarball tarball data for @schematics/angular@https://registry.npmjs.org/@schematics/angular/-/angular-22.1.3.tgz (sha512-5f5f0tKp3d25hjNGkvw2dtGgTN4wxPNhv1AXnhFkh+mLinQK9Qwzr2iEXDDrAuJEkvz1ACHq631IURWph0lqew==) seems to be corrupted. Trying again.
npm warn tarball tarball data for @simplewebauthn/browser@https://registry.npmjs.org/@simplewebauthn/browser/-/browser-13.3.0.tgz (sha512-BE/UWv6FOToAdVk0EokzkqQQDOWtNydYlY6+OrmiZ5SCNmb41VehttboTetUM3T/fr6EAFYVXjz4My2wg230rQ==) seems to be corrupted. Trying again.
npm warn tarball tarball data for @napi-rs/nice-linux-x64-gnu@https://registry.npmjs.org/@napi-rs/nice-linux-x64-gnu/-/nice-linux-x64-gnu-1.1.1.tgz (sha512-/gaNz3R92t+dcrfCw/96pDopcmec7oCcAQ3l/M+Zxr82KT4DljD37CpgrnXV+pJC263JkW572pdbP3hP+KjcIg==) seems to be corrupted. Trying again.
npm warn tarball tarball data for @oxc-parser/binding-linux-x64-gnu@https://registry.npmjs.org/@oxc-parser/binding-linux-x64-gnu/-/binding-linux-x64-gnu-0.142.0.tgz (sha512-i69kAWU+2LgoH5bR+zWiiu+UzAw7Oxkwv7COeJTeY19pn4e70nKQcr9Pm6cL2Z0Z54d+gl9qADlK/0yyuCPiBA==) seems to be corrupted. Trying again.
npm warn tarball tarball data for @msgpackr-extract/msgpackr-extract-linux-x64@https://registry.npmjs.org/@msgpackr-extract/msgpackr-extract-linux-x64/-/msgpackr-extract-linux-x64-3.0.4.tgz (sha512-8TNXMEjJc3QEy7R/x1INhgiU+XakDAFUzBhaz7+Rbrs8NH5UQeHQxxmzsSBJGyV6I1jW79undiQm8tOI+D+8FQ==) seems to be corrupted. Trying again.
npm warn tarball tarball data for @napi-rs/nice@https://registry.npmjs.org/@napi-rs/nice/-/nice-1.1.1.tgz (sha512-xJIPs+bYuc9ASBl+cvGsKbGrJmS6fAKaSZCnT0lhahT5rhA2VVy9/EcIgd2JhtEuFOJNx7UHNn/qiTPTY4nrQw==) seems to be corrupted. Trying again.
npm warn tarball tarball data for @noble/hashes@https://registry.npmjs.org/@noble/hashes/-/hashes-2.2.0.tgz (sha512-IYqDGiTXab6FniAgnSdZwgWbomxpy9FtYvLKs7wCUs2a8RkITG+DFGO1DM9cr+E3/RgADRpFjrKVaJ1z6sjtEg==) seems to be corrupted. Trying again.
npm warn tarball tarball data for @modelcontextprotocol/sdk@https://registry.npmjs.org/@modelcontextprotocol/sdk/-/sdk-1.29.0.tgz (sha512-zo37mZA9hJWpULgkRpowewez1y6ML5GsXJPY8FI0tBBCd77HEvza4jDqRKOXgHNn867PVGCyTdzqpz0izu5ZjQ==) seems to be corrupted. Trying again.
npm warn tarball tarball data for @listr2/prompt-adapter-inquirer@https://registry.npmjs.org/@listr2/prompt-adapter-inquirer/-/prompt-adapter-inquirer-4.2.4.tgz (sha512-/KRI2DMD7JGSYaREF0Ygl7AefJ/2ase4Gc5cBiKqT5l4tFjsSJfhFGcc5nSkgl0Sp9LkCQNzl/cqbVJYP2L3dw==) seems to be corrupted. Trying again.
npm warn tarball tarball data for @lmdb/lmdb-linux-x64@https://registry.npmjs.org/@lmdb/lmdb-linux-x64/-/lmdb-linux-x64-3.5.6.tgz (sha512-ADzCuCF2cTNiX9kDScqcz1fjnAkxPpQNneV3KFTdV3wWtVlI2sTGzySoMTgDpinkMMFj1NTJlxA6XR8fwc4hlA==) seems to be corrupted. Trying again.
npm warn tarball tarball data for @jridgewell/sourcemap-codec@https://registry.npmjs.org/@jridgewell/sourcemap-codec/-/sourcemap-codec-1.5.5.tgz (sha512-cYQ9310grqxueWbl+WuIUIaiUaDcj7WOq5fVhEljNVgRfOUhY9fy2zTvfoqWsnebh8Sl70VScFbICvJnLKB0Og==) seems to be corrupted. Trying again.
npm warn tarball tarball data for @jridgewell/trace-mapping@https://registry.npmjs.org/@jridgewell/trace-mapping/-/trace-mapping-0.3.31.tgz (sha512-zzNR+SdQSDJzc8joaeP8QQoCQr8NuYx2dIIytl1QeBEZHJ9uW6hebsrYgbz8hJwUQao3TWCMtmfV8Nu1twOLAw==) seems to be corrupted. Trying again.
npm warn tarball tarball data for @jridgewell/resolve-uri@https://registry.npmjs.org/@jridgewell/resolve-uri/-/resolve-uri-3.1.2.tgz (sha512-bRISgCIjP20/tbWSPWMEi54QVPRZExkuD9lJL+UIxUKtwVJA8wW1Trb1jMs1RFXo1CBTNZ/5hpC9QvmKWdopKw==) seems to be corrupted. Trying again.
npm warn tarball tarball data for @jridgewell/gen-mapping@https://registry.npmjs.org/@jridgewell/gen-mapping/-/gen-mapping-0.3.13.tgz (sha512-2kkt/7niJ6MgEPxF0bYdQ6etZaA+fQvDcLKckhy1yIQOzaoKjBBjSj63/aLVjYE3qhRt5dvM+uUyfCg6UKCBbA==) seems to be corrupted. Trying again.
npm warn tarball tarball data for @inquirer/type@https://registry.npmjs.org/@inquirer/type/-/type-4.0.7.tgz (sha512-t28inv14nMQ1PhKpsJPY+kEs/c00qzeCOS2gTNRyTjG5d6qsVA2fItxW4hkvGZ5lvanGLdtCzVIx5dwdRpN1+g==) seems to be corrupted. Trying again.
npm warn tarball tarball data for @parcel/watcher-linux-x64-glibc@https://registry.npmjs.org/@parcel/watcher-linux-x64-glibc/-/watcher-linux-x64-glibc-2.6.0.tgz (sha512-ulGE6x6Oz6iAwg75T8YQSoguBWasniIbX+QWpaYPcCnDOpdWX3k+4xbEYPZVLxOuoJI+svJJPD3sEj8G7lrQ3A==) seems to be corrupted. Trying again.
npm warn tarball tarball data for @inquirer/select@https://registry.npmjs.org/@inquirer/select/-/select-5.2.1.tgz (sha512-FlDndEUww8m7BfukO2nJa25vhD+H5jxxCv4oGioKqzyWz3nPHhhw4LKdYRSlXuAx7DsdWia7iyaBPKKS95Evfw==) seems to be corrupted. Trying again.
npm warn tarball tarball data for @inquirer/password@https://registry.npmjs.org/@inquirer/password/-/password-5.1.1.tgz (sha512-3XBfF7DAsp5qeDsvN5Rd1HmbNokVvEQoUM0QLrRcybC9nX96w3Pbmu7qUsb3IT3J3jBvs2+mTXaKHOUsgHMLzg==) seems to be corrupted. Trying again.
npm warn tarball tarball data for @inquirer/rawlist@https://registry.npmjs.org/@inquirer/rawlist/-/rawlist-5.3.1.tgz (sha512-QqdTqQddL3qPX/PPrjobpsO25NZ4dWXgTLenrR445L2ptLEYE6Z+PD5c5CNDJNx4ugRgELAIpSIJxZaO2jJ2Og==) seems to be corrupted. Trying again.
npm warn tarball tarball data for @inquirer/number@https://registry.npmjs.org/@inquirer/number/-/number-4.1.1.tgz (sha512-XF4IXAbPnGPgw0wsbC/i2tPcyfdZgDpUlhsqU0SfT4IRIGWha6Xm9VRgN5yYxJq+jnyXlfXI/nQ3ulfk0iEICA==) seems to be corrupted. Trying again.
npm warn tarball tarball data for @inquirer/search@https://registry.npmjs.org/@inquirer/search/-/search-4.2.1.tgz (sha512-xJj8QWKRSrfKoBIITLZK61dD3zwo0Rz11fgDImku30/Oe81zMdIdGgrLY2h6RkJ+KZ/GhNYIRMKnH/62qBTA5g==) seems to be corrupted. Trying again.
npm warn tarball tarball data for @inquirer/input@https://registry.npmjs.org/@inquirer/input/-/input-5.1.2.tgz (sha512-9K/DDBSQpOyZSkt6sOVP9Vo0TR7atX2kuILsUu0x3wVcVbe97lJwIJKMLdMw25tDYuXl/qp6erT0Xs1rfmcfZg==) seems to be corrupted. Trying again.
npm warn tarball tarball data for @inquirer/prompts@https://registry.npmjs.org/@inquirer/prompts/-/prompts-8.5.2.tgz (sha512-IYR/3C/paEVVQYQvdDlFZVjRCJVYHHON0XXMH91KO9GSxs0TdKYWlUdvfQl2EfAHDxUaN3IBffkE/BDTh5nJ6g==) seems to be corrupted. Trying again.
npm warn tarball tarball data for @inquirer/expand@https://registry.npmjs.org/@inquirer/expand/-/expand-5.1.1.tgz (sha512-YmQpenjbFSHAK3sOd44puHh3V1KXXr+JiNpUztoSQ4drLh2rTVzTap/YtlAVu/5xavifIlBfNEzJ/neZJ1a/1g==) seems to be corrupted. Trying again.
npm warn tarball tarball data for @inquirer/external-editor@https://registry.npmjs.org/@inquirer/external-editor/-/external-editor-3.0.3.tgz (sha512-6thf5I8q7lZwzGLAxPaaGEREEkZ3nyePPDQ1oyobblxmEE8mqTLguScP7pDjUTAibiyb4hfXl+qjUEJ+di/aNA==) seems to be corrupted. Trying again.
npm warn tarball tarball data for @inquirer/figures@https://registry.npmjs.org/@inquirer/figures/-/figures-2.0.7.tgz (sha512-aJ8TBPOGB6f/2qziPfElISTCEd5XOYTFckA2SGjhNmiKzfK/u4ot3v0DUzGVdUnKjN10EqnnEPck36BkyfLnJw==) seems to be corrupted. Trying again.
npm warn tarball tarball data for @inquirer/ansi@https://registry.npmjs.org/@inquirer/ansi/-/ansi-2.0.7.tgz (sha512-3eTuUO1vH2cZm2ZKHeQxnOqlTi9EfZDGgIe3BL3I4u+rJHocr9Fz86M4fjYABPvFnQG/gGK551HqDiIcETwU6Q==) seems to be corrupted. Trying again.
npm warn tarball tarball data for @inquirer/editor@https://registry.npmjs.org/@inquirer/editor/-/editor-5.2.2.tgz (sha512-ZRVd/oD+sYsUd5zVm0NflqEzlqfYCyHNsqkHl2oWXEUHs12tCbcSFi+wVFEvD8+LGRaMUsVrE7qeo6lSG/S1Vg==) seems to be corrupted. Trying again.
npm warn tarball tarball data for @inquirer/checkbox@https://registry.npmjs.org/@inquirer/checkbox/-/checkbox-5.2.1.tgz (sha512-b6xmA/VlTe0ZgDQHDui+Nav470u7u49nRd8/iuhOcQPO9Ch7lGuogydhi2VOmNlZ+zXcM8IcPuNSwQcdJaF/kw==) seems to be corrupted. Trying again.
npm warn tarball tarball data for @inquirer/confirm@https://registry.npmjs.org/@inquirer/confirm/-/confirm-6.1.1.tgz (sha512-eb8DBZcz/2qHWQda4rk2JiQk5h9QV/cVHi1yjt0f69WFZMRFn0sJTye3EAP8icut8UDMjQPsaH5KbcOogefrFQ==) seems to be corrupted. Trying again.
npm warn tarball tarball data for @humanwhocodes/module-importer@https://registry.npmjs.org/@humanwhocodes/module-importer/-/module-importer-1.0.1.tgz (sha512-bxveV4V8v5Yb4ncFTT3rPSgZBOpCkjfK0y4oVVVJwIuDVBRMDXrPyXRL988i5ap9m9bnyEEjWfm5WkBmtffLfA==) seems to be corrupted. Trying again.
npm warn tarball tarball data for @humanfs/core@https://registry.npmjs.org/@humanfs/core/-/core-0.19.2.tgz (sha512-UhXNm+CFMWcbChXywFwkmhqjs3PRCmcSa/hfBgLIb7oQ5HNb1wS0icWsGtSAUNgefHeI+eBrA8I1fxmbHsGdvA==) seems to be corrupted. Trying again.
npm warn tarball tarball data for @inquirer/core@https://registry.npmjs.org/@inquirer/core/-/core-11.2.1.tgz (sha512-Qd6GJT1yVyrZZCfN8W2qKF5ApmqryXRhRKCuip8h01x2w/esJQ2XIYc6f9abMIHgKQdBfFTSOdbHRLAhuM09UA==) seems to be corrupted. Trying again.
npm warn tarball tarball data for @hono/node-server@https://registry.npmjs.org/@hono/node-server/-/node-server-1.19.17.tgz (sha512-dSneS5qhiauZWGDCeK4o695Xd9nUNjviSZCMQrj10eetr8Uln1ucn6bbphOM6UynAMMtNIzZNSpL9vnASJwrPQ==) seems to be corrupted. Trying again.
npm warn tarball tarball data for @humanfs/types@https://registry.npmjs.org/@humanfs/types/-/types-0.15.0.tgz (sha512-ZZ1w0aoQkwuUuC7Yf+7sdeaNfqQiiLcSRbfI08oAxqLtpXQr9AIVX7Ay7HLDuiLYAaFPu8oBYNq/QIi9URHJ3Q==) seems to be corrupted. Trying again.
npm warn tarball tarball data for @humanfs/node@https://registry.npmjs.org/@humanfs/node/-/node-0.16.8.tgz (sha512-gE1eQNZ3R++kTzFUpdGlpmy8kDZD/MLyHqDwqjkVQI0JMdI1D51sy1H958PNXYkM2rAac7e5/CnIKZrHtPh3BQ==) seems to be corrupted. Trying again.
npm warn tarball tarball data for @harperfast/extended-iterable@https://registry.npmjs.org/@harperfast/extended-iterable/-/extended-iterable-1.0.3.tgz (sha512-sSAYhQca3rDWtQUHSAPeO7axFIUJOI6hn1gjRC5APVE1a90tuyT8f5WIgRsFhhWA7htNkju2veB9eWL6YHi/Lw==) seems to be corrupted. Trying again.
npm warn tarball tarball data for @eslint/js@https://registry.npmjs.org/@eslint/js/-/js-10.0.1.tgz (sha512-zeR9k5pd4gxjZ0abRoIaxdc7I3nDktoXZk2qOv9gCNWx3mVwEn32VRhyLaRsDiJjTs0xq/T8mfPtyuXu7GWBcA==) seems to be corrupted. Trying again.
npm warn tarball tarball data for @humanwhocodes/retry@https://registry.npmjs.org/@humanwhocodes/retry/-/retry-0.4.3.tgz (sha512-bV0Tgo9K4hfPCek+aMAn81RppFKv2ySDQeMoSZuvTASywNTnVJCArCZE2FWqpvIatKu7VMRLWlR1EazvVhDyhQ==) seems to be corrupted. Trying again.
npm warn tarball tarball data for @eslint/config-array@https://registry.npmjs.org/@eslint/config-array/-/config-array-0.23.5.tgz (sha512-Y3kKLvC1dvTOT+oGlqNQ1XLqK6D1HU2YXPc52NmAlJZbMMWDzGYXMiPRJ8TYD39muD/OTjlZmNJ4ib7dvSrMBA==) seems to be corrupted. Trying again.
npm warn tarball tarball data for @eslint/core@https://registry.npmjs.org/@eslint/core/-/core-1.2.1.tgz (sha512-MwcE1P+AZ4C6DWlpin/OmOA54mmIZ/+xZuJiQd4SyB29oAJjN30UW9wkKNptW2ctp4cEsvhlLY/CsQ1uoHDloQ==) seems to be corrupted. Trying again.
npm warn tarball tarball data for @eslint/plugin-kit@https://registry.npmjs.org/@eslint/plugin-kit/-/plugin-kit-0.7.2.tgz (sha512-+CNAzxglkrpNf/kKywqQfk74QjtceuOE7Qm+AF8miRvPF/wmmK5+OJOgVh3AVTT3RP2mH3+FOaxlE5v72owk0A==) seems to be corrupted. Trying again.
npm warn tarball tarball data for @esbuild/linux-x64@https://registry.npmjs.org/@esbuild/linux-x64/-/linux-x64-0.28.1.tgz (sha512-u/anNYF2mmVOEDwLtnQ1wOr3EZ9sTNGLWrsYGYwHWzGA3Si84IOkHXlbWTD1NB+9/1lcnweYKO54uhxZydNzfA==) seems to be corrupted. Trying again.
npm warn tarball tarball data for @eslint-community/regexpp@https://registry.npmjs.org/@eslint-community/regexpp/-/regexpp-4.12.2.tgz (sha512-EriSTlt5OC9/7SXkRSCAhfSxxoSUgBm33OH+IkwbdpgoqsSsUg7y3uh+IICI/Qg4BBWr3U2i39RpmycbxMq4ew==) seems to be corrupted. Trying again.
npm warn tarball tarball data for @exodus/bytes@https://registry.npmjs.org/@exodus/bytes/-/bytes-1.15.1.tgz (sha512-S6mL0yNB/Abt9Ei4tq8gDhcczc4S3+vQ4ra7vxnAf+YHC02srtqxKKZghx2Dq6p0e66THKwR6r8N6P95wEty7Q==) seems to be corrupted. Trying again.
npm warn tarball tarball data for @csstools/css-tokenizer@https://registry.npmjs.org/@csstools/css-tokenizer/-/css-tokenizer-4.0.0.tgz (sha512-QxULHAm7cNu72w97JUNCBFODFaXpbDg+dP8b/oWFAZ2MTRppA3U00Y2L1HqaS4J6yBqxwa/Y3nMBaxVKbB/NsA==) seems to be corrupted. Trying again.
npm warn tarball tarball data for @csstools/css-color-parser@https://registry.npmjs.org/@csstools/css-color-parser/-/css-color-parser-4.1.10.tgz (sha512-UZhQLIUyJaaMepqehrCODwCg2KW25vFvLWBmqYFaPclYvvxzj/sG8LBOhBFCp11i9uE7t1EyS+RAoV9tztPFyw==) seems to be corrupted. Trying again.
npm warn tarball tarball data for @eslint/object-schema@https://registry.npmjs.org/@eslint/object-schema/-/object-schema-3.0.5.tgz (sha512-vqTaUEgxzm+YDSdElad6PiRoX4t8VGDjCtt05zn4nU810UIx/uNEV7/lZJ6KwFThKZOzOxzXy48da+No7HZaMw==) seems to be corrupted. Trying again.
npm warn tarball tarball data for @csstools/css-syntax-patches-for-csstree@https://registry.npmjs.org/@csstools/css-syntax-patches-for-csstree/-/css-syntax-patches-for-csstree-1.1.7.tgz (sha512-fQ+05118eQS1cofO3aJpB5efgpBZMvIzwr/sbC8kDLVA5XLG8q1kJV5yzrUAI1f7lvhPnm8fgIjzFB8/O/5Dig==) seems to be corrupted. Trying again.
npm warn tarball tarball data for @csstools/color-helpers@https://registry.npmjs.org/@csstools/color-helpers/-/color-helpers-6.1.0.tgz (sha512-064IFJdjTfUqnjpCVpMOdbr8FLQBhinbZj6yRv2An2E41O/pLEXqfFRWqGq/SxlE5PEUYTlvWsG2r8MswAVvkg==) seems to be corrupted. Trying again.
npm warn tarball tarball data for @csstools/css-calc@https://registry.npmjs.org/@csstools/css-calc/-/css-calc-3.3.0.tgz (sha512-c5ihYsPkdG6JCkU2zTMm4+k6r7RXuGxtWYhu5DHMIiF1FHzrfmHL5so11AoFpUv/tu61xfcmT4AmKoFfMPoqdQ==) seems to be corrupted. Trying again.
npm warn tarball tarball data for @babel/types@https://registry.npmjs.org/@babel/types/-/types-8.0.4.tgz (sha512-eY+Yn3dCqTGmyiq2QRU66lA5FL8lqqqvecHt0fF3uHONIa7ToYsaCiWV8lOKqAs0Rb2SjixiKFROngnulPtt2g==) seems to be corrupted. Trying again.
npm warn tarball tarball data for @babel/template@https://registry.npmjs.org/@babel/template/-/template-8.0.0.tgz (sha512-eAD0QW/AlbamBbw0FeGiwasbCVPq5ncW0HNVyLP3B9czqLyh4gvw+5JTSNt6le9+ziAU7mqDZsKTHf3jTb4chQ==) seems to be corrupted. Trying again.
npm warn tarball tarball data for @babel/parser@https://registry.npmjs.org/@babel/parser/-/parser-8.0.4.tgz (sha512-srpptsAkEbbNIC/q8nT7o+m6CQe8CJUTV/t7MYc9NnWlgYVtHOb7JH6SorxMhN0kuRJjVqXbKClG6xSbPtzz+g==) seems to be corrupted. Trying again.
npm warn tarball tarball data for @bramus/specificity@https://registry.npmjs.org/@bramus/specificity/-/specificity-2.4.2.tgz (sha512-ctxtJ/eA+t+6q2++vj5j7FYX3nRu311q1wfYH3xjlLOsczhlhxAg2FWNUXhpGvAw3BWo1xBcvOV6/YLc2r5FJw==) seems to be corrupted. Trying again.
npm warn tarball tarball data for @eslint-community/eslint-utils@https://registry.npmjs.org/@eslint-community/eslint-utils/-/eslint-utils-4.10.1.tgz (sha512-cuadcxVFE8sDK6iWJbs8Sn0av2Nrh2QSGQhVlBW9AaAHqHwjWsZHT8LJ4hFGPh7ASBV2deFdM7H/DPjulmh8rg==) seems to be corrupted. Trying again.
npm warn tarball tarball data for @babel/helper-validator-option@https://registry.npmjs.org/@babel/helper-validator-option/-/helper-validator-option-8.0.0.tgz (sha512-U4Dybxh4WESWHt5XhBeExi4DrY0/DNK1aHpQbsrQXCUbFHuMweT0TpLEWKvaraV2Y6fS+ZXunsZ8zIuZIgvF2Q==) seems to be corrupted. Trying again.
npm warn tarball tarball data for @fontsource/material-symbols-outlined@https://registry.npmjs.org/@fontsource/material-symbols-outlined/-/material-symbols-outlined-5.3.2.tgz (sha512-yHGq5aOBpvNntjlQVMWmZibX1FwnCdRrHesW3T+N/TEVUHFb5CAj8FhJtQI9BeXikIS2etiOpXf1qvuqyny+vQ==) seems to be corrupted. Trying again.
npm warn tarball tarball data for @babel/helpers@https://registry.npmjs.org/@babel/helpers/-/helpers-8.0.0.tgz (sha512-wfbi91pM3py96oIiJEz7qIpyXDytgr9zQC1HEWwlGNVRAEmItuU/0a41ZUKu1sJGyhhOIpc4t5vk4PYzt8wpsg==) seems to be corrupted. Trying again.
npm warn tarball tarball data for @babel/helper-validator-identifier@https://registry.npmjs.org/@babel/helper-validator-identifier/-/helper-validator-identifier-8.0.4.tgz (sha512-4wFaiLd0bVo4cIoTXI3zKI038NIWE/cr3jvBjejOVYVxV/m8Ltav1USiGzG1fmS5J2RhgEOgXNNK46cRPnRsrg==) seems to be corrupted. Trying again.
npm warn tarball tarball data for @babel/traverse@https://registry.npmjs.org/@babel/traverse/-/traverse-8.0.4.tgz (sha512-bZnmqzGG8UZneG1lLxBoWIH0G6Gr1D846Yu4/3XnY6FhCndMR49u26nTY08u/dAxWmLWF9vGQOuC+84FfIUoeg==) seems to be corrupted. Trying again.
npm warn tarball tarball data for @babel/helper-string-parser@https://registry.npmjs.org/@babel/helper-string-parser/-/helper-string-parser-8.0.0.tgz (sha512-6mJgmFFFIIO82vvoLt9XtRC7/TkzXfts1t/SpRX4IHSzMgqoPYCWesVu1udUPUWioAE/2fcG6WuI8zrkE1gwrg==) seems to be corrupted. Trying again.
npm warn tarball tarball data for @eslint/config-helpers@https://registry.npmjs.org/@eslint/config-helpers/-/config-helpers-0.7.0.tgz (sha512-DObd/KKUsU+FaFv4PLxSRenpXfQWmPXXP3pPZ6/K1PCrMu2vQpMDMuQe/BqYeoLcz8ro0bVDF1RxOJgfVEdhUw==) seems to be corrupted. Trying again.
npm warn tarball tarball data for @babel/helper-globals@https://registry.npmjs.org/@babel/helper-globals/-/helper-globals-8.0.0.tgz (sha512-lLozHOM6sWWlxNo8CYqHy4MBZeTvHXNgVPBfPOGsjPKUzHC2Az9QwB6gxdQmpwHl6GlQtbGgS+lj5887guDiLw==) seems to be corrupted. Trying again.
npm warn tarball tarball data for @babel/helper-split-export-declaration@https://registry.npmjs.org/@babel/helper-split-export-declaration/-/helper-split-export-declaration-7.24.7.tgz (sha512-oy5V7pD+UvfkEATUKvIjvIAH/xCzfsFVw7ygW2SI6NClZzquT+mwdTfgfdbUiceh6iQO0CHtCPsyze/MZ2YbAA==) seems to be corrupted. Trying again.
npm warn tarball tarball data for @babel/generator@https://registry.npmjs.org/@babel/generator/-/generator-8.0.0.tgz (sha512-NT9NrVwJsbSV6Y2FSstWa71EETOnzrjkL5/wX3D2mYHtKM+qvqB1DvR4D0Setb/gDBsHzRICifwEWMO8CnTF6g==) seems to be corrupted. Trying again.
npm warn tarball tarball data for @babel/helper-compilation-targets@https://registry.npmjs.org/@babel/helper-compilation-targets/-/helper-compilation-targets-8.0.0.tgz (sha512-JwculLABZvyPvyLBpwU/E/IbH2uM3mnxNtIJpxnIfb24y1PrdVxK5Dqjle4DpgqpGRnwgC7G8IkzPdSXZrO1Ew==) seems to be corrupted. Trying again.
npm warn tarball tarball data for @babel/core@https://registry.npmjs.org/@babel/core/-/core-8.0.1.tgz (sha512-5FgxM4dLQpMJHSiVATk8foW263dVHQHBVpXYiimNECVWG01f4nFyEbQixeT6Mwvg7TayREJ2gpKl3o2RoMdnqw==) seems to be corrupted. Trying again.
npm warn tarball tarball data for @babel/code-frame@https://registry.npmjs.org/@babel/code-frame/-/code-frame-8.0.0.tgz (sha512-dYYg153EyN2Ekbqw2zAsbd6/JR+9N2SEoC7YV2GyyqMM7x9bLDTjBD6XBhSMLH0wtIVyJj03jWNriQhaN+eoCw==) seems to be corrupted. Trying again.
npm warn tarball tarball data for @babel/compat-data@https://registry.npmjs.org/@babel/compat-data/-/compat-data-8.0.0.tgz (sha512-DOjnob/cXOUgDOozCDeq/aK2p5y8dUIVdf6tNhEV1HQRd6I8aQ4f4fbtHRVEvb6lP3BGomrKHiS8ICAASSVQSw==) seems to be corrupted. Trying again.
npm warn tarball tarball data for @asamuzakjp/dom-selector@https://registry.npmjs.org/@asamuzakjp/dom-selector/-/dom-selector-8.3.2.tgz (sha512-93Z1N+BQNXysodoicpOIyNh2drHfz/CTf9nnT0FEx72GJcIiwgydD7tGAr78j41LsYn3hlRn+LdGPuBLn1Bl8Q==) seems to be corrupted. Trying again.
npm warn tarball tarball data for @apidevtools/json-schema-ref-parser@https://registry.npmjs.org/@apidevtools/json-schema-ref-parser/-/json-schema-ref-parser-14.2.1.tgz (sha512-HmdFw9CDYqM6B25pqGBpNeLCKvGPlIx1EbLrVL0zPvj50CJQUHyBNBw45Muk0kEIkogo1VZvOKHajdMuAzSxRg==) seems to be corrupted. Trying again.
npm warn tarball tarball data for @angular/router@https://registry.npmjs.org/@angular/router/-/router-22.1.1.tgz (sha512-sD+dN+UOAhdrqnOp3OWuR+O50msXFt+16OGL6RrM9af40iATkUbEAgU62N4KITKl4ACDisg8yhyb9J3dwCEyzQ==) seems to be corrupted. Trying again.
npm warn tarball tarball data for @angular/material@https://registry.npmjs.org/@angular/material/-/material-22.1.1.tgz (sha512-wXNNstkLrUJwmP/cZl+C64chL5qH0WbnHIeYbiXrPwgriAD10prbVBoSq2CWbBrAhQ691pDdFKVSLG5tC224jg==) seems to be corrupted. Trying again.
npm warn tarball tarball data for @angular/platform-browser@https://registry.npmjs.org/@angular/platform-browser/-/platform-browser-22.1.1.tgz (sha512-u1HMINw++YTUzMbJB9zVhqch1iEiEl5vA88HjZYzoDagBcnIev30GRWI+QEy4Dy9GRg64hrCOl9Fke78dLQgYQ==) seems to be corrupted. Trying again.
npm warn tarball tarball data for @asamuzakjp/css-color@https://registry.npmjs.org/@asamuzakjp/css-color/-/css-color-6.0.7.tgz (sha512-vC/bk1Lz7Tn/EfU9/apOTBk80/8dyGyWMowPoV1tJ52muDGsDqt2HPT2klrFUiY60MQmQv9q8yIht15JnBgDGw==) seems to be corrupted. Trying again.
npm warn tarball tarball data for @angular/core@https://registry.npmjs.org/@angular/core/-/core-22.1.1.tgz (sha512-QFZNFzyFw9l1B1D7NCEU3YiLLBnMSejyp9mzJrzZ9vzc70BsewikcLFwuj+qqleqFmi5VW3f9GFNgwUq8dWGAg==) seems to be corrupted. Trying again.
npm warn tarball tarball data for @angular/compiler-cli@https://registry.npmjs.org/@angular/compiler-cli/-/compiler-cli-22.1.1.tgz (sha512-GLcwWqUg4i2eru3nKy989Me7483+ZPofnwgw9aMc96MWl8y8CD9CTrSff+fwh2/crUsQIqGg/uehIZRjISMD0A==) seems to be corrupted. Trying again.
npm warn tarball tarball data for @angular/cli@https://registry.npmjs.org/@angular/cli/-/cli-22.1.3.tgz (sha512-GB1Pv8CXAHXE2/hqiwSGD6JRIyT4wswadjH1j3DH2+6os1zc7CBm28/YtlKPPIHZKVOZLDqV6uW+bRQTtdOw2A==) seems to be corrupted. Trying again.
npm warn tarball tarball data for @angular/compiler@https://registry.npmjs.org/@angular/compiler/-/compiler-22.1.1.tgz (sha512-UfQZALwewk+WyE5fqrXT3CK0sxWXre4XojAvUdFQSZsVHTZEM1QD4FncuePa44I6BQMhfqQUvYNlqFnev4WOQg==) seems to be corrupted. Trying again.
npm warn tarball tarball data for @angular/forms@https://registry.npmjs.org/@angular/forms/-/forms-22.1.1.tgz (sha512-6c5IJaCw6hAsBYl+LeQARwV4eGxfHwHTlTWfCB5dOYjMSgCCjaivkNTCUepYXFo5Fkdvw1qDiWIpAfgusAxmww==) seems to be corrupted. Trying again.
npm warn tarball tarball data for @angular/common@https://registry.npmjs.org/@angular/common/-/common-22.1.1.tgz (sha512-5iiyPWqO3acpOPMcJWYtVbXF5z9wy43MFQQdd7wZPHfYOIC7c3KRnziWrRpELae+SkEB4srAYr6XIu9rQ743nw==) seems to be corrupted. Trying again.
npm warn tarball tarball data for @angular/cdk@https://registry.npmjs.org/@angular/cdk/-/cdk-22.1.1.tgz (sha512-P8YuW/r5MS8aeKF0NruktKGHQShOMctvhs3H/51BOwJrMZi5qtWJ40t1yqTrNnewSJIKI0/AroUEmEOqA9Ml9Q==) seems to be corrupted. Trying again.
npm warn tarball tarball data for @babel/helper-annotate-as-pure@https://registry.npmjs.org/@babel/helper-annotate-as-pure/-/helper-annotate-as-pure-8.0.0.tgz (sha512-NSpMkMsvvZqzThJ0p1B02cbtA2ObEyfBvq950bmNkyxsxvcxwhvvCB036rKhlEnuBBo30bOrk13u3FzlKSoRrw==) seems to be corrupted. Trying again.
npm warn tarball tarball data for @angular-eslint/template-parser@https://registry.npmjs.org/@angular-eslint/template-parser/-/template-parser-22.1.0.tgz (sha512-gcufZLI/Rl2fOWtBk2MgMRkH1t+OrbJGxIsfT0w3pVjKm0zwi7njM/dtPbVjCHzsGhx7szQMvY0i0UwTBVYkSw==) seems to be corrupted. Trying again.
npm warn tarball tarball data for @angular-eslint/utils@https://registry.npmjs.org/@angular-eslint/utils/-/utils-22.1.0.tgz (sha512-zDPJqgOxlkG20UJWsVDSvnEtC2MfIP0+yKMaQUBL+2nrEknV/fVLrz7ApnerWiDrGTcAms5si49KV10MarMpRA==) seems to be corrupted. Trying again.
npm warn tarball tarball data for @angular-eslint/schematics@https://registry.npmjs.org/@angular-eslint/schematics/-/schematics-22.1.0.tgz (sha512-/Z7MEO9ys9P5w5itM2mpNW4R/QNAVxtDdcU5LVFulSx/lo7zCDx1rZ/tLDuzbN5k5RGQy5ZkdRIs0MoscsGXQQ==) seems to be corrupted. Trying again.
npm warn tarball tarball data for @angular/build@https://registry.npmjs.org/@angular/build/-/build-22.1.3.tgz (sha512-Hjen3LcVZUCNZy+epgO+/PMUpD/L8Y4vODS+Q8F0Lkva7YWQwycbJtrEr6xvFfMxp6xexxxIwB9+5b8voKSihQ==) seems to be corrupted. Trying again.
npm warn tarball tarball data for @angular/animations@https://registry.npmjs.org/@angular/animations/-/animations-22.1.1.tgz (sha512-97+EXulzVZ7+5pFqS7mooiZxNKu7eh/vv4BIWaatjLBg2Ctpv2nHotXcWMMfD4gpX6skCdJWluSnmDP1iPc2ig==) seems to be corrupted. Trying again.
npm warn tarball tarball data for @angular-eslint/eslint-plugin-template@https://registry.npmjs.org/@angular-eslint/eslint-plugin-template/-/eslint-plugin-template-22.1.0.tgz (sha512-GK/Mwhwvj+MX6DefD29/IfuYjcai5CsCbYJ6Qb9P6IAzZaQqw+EN+CiXxIwzMnzm2edLcJzAsX8iBk4X7sVi2Q==) seems to be corrupted. Trying again.
npm warn tarball tarball data for @angular-eslint/builder@https://registry.npmjs.org/@angular-eslint/builder/-/builder-22.1.0.tgz (sha512-gmdk06PK0whNJlapIQjRnhud2/n+oIIDBIoLUHWFFxhHRs+ZstVc6+81gf+sYDOm1Ehmb0V3nZAg3YpT1Mk0Eg==) seems to be corrupted. Trying again.
npm warn tarball tarball data for @angular-eslint/bundled-angular-compiler@https://registry.npmjs.org/@angular-eslint/bundled-angular-compiler/-/bundled-angular-compiler-22.1.0.tgz (sha512-iOtOQ2jtrtko1rIQo6i+g3ezxGL0lyYv80j4GccFTK1JGh4K+AqYkmaBvfUfNtqoE/7VcKsOoyxaFt6iIpKhaQ==) seems to be corrupted. Trying again.
npm warn tarball tarball data for @angular-devkit/schematics@https://registry.npmjs.org/@angular-devkit/schematics/-/schematics-22.1.3.tgz (sha512-ebY5bwZVB0onxxyTbJch//VidVVV8jo/F13n+TV5s/3ZywsC3/XZsfMHaxlFmpvP/G17+/C9JVoEXT+uwjT+/Q==) seems to be corrupted. Trying again.
npm warn tarball tarball data for @angular-devkit/core@https://registry.npmjs.org/@angular-devkit/core/-/core-22.1.3.tgz (sha512-ASK8oZVElt/Zpz5FrzJjLnnUbzp/fW57eFFSRgpA+n9KRnuFi6YvNdSS3HkG5049Jcukce+PiMBdfzw/jBVkEw==) seems to be corrupted. Trying again.
npm warn tarball tarball data for @angular-eslint/eslint-plugin@https://registry.npmjs.org/@angular-eslint/eslint-plugin/-/eslint-plugin-22.1.0.tgz (sha512-nRwdbUiW7vF0gbwtxw2hRGPZYZCNWOTLZKw4HM+I37o5YFIA0CFLtbyRKgZWs6JZCIqzTYSwCyKNsW41Qw0FwQ==) seems to be corrupted. Trying again.
npm warn tarball tarball data for @ampproject/remapping@https://registry.npmjs.org/@ampproject/remapping/-/remapping-2.3.0.tgz (sha512-30iZtAPgz+LTIYoeivqYo853f02jBYSd5uGnGpkFV0M3xOt9aN73erkgYAmZU43x4VfqcnLxW9Kpg3R5LC4YYw==) seems to be corrupted. Trying again.
npm warn tarball tarball data for @angular-devkit/architect@https://registry.npmjs.org/@angular-devkit/architect/-/architect-0.2201.3.tgz (sha512-5WX6rooTQZCh+yE9k3O5hc7nnQtzy1nw6fQpaTuCzIgPG8teQuVtdxegBsM3OcjJac1r+qJLo+KmTRfnqcfsyg==) seems to be corrupted. Trying again.
npm warn tarball tarball data for @csstools/css-parser-algorithms@https://registry.npmjs.org/@csstools/css-parser-algorithms/-/css-parser-algorithms-4.0.0.tgz (sha512-+B87qS7fIG3L5h3qwJ/IFbjoVoOe/bpOdh9hAjXbvx0o8ImEmUsGXN0inFOnk2ChCFgqkkGFQ+TpM5rbhkKe4w==) seems to be corrupted. Trying again.
npm warn tarball tarball data for string-width@https://registry.npmjs.org/string-width/-/string-width-7.2.0.tgz (sha512-tsaTIkKW9b4N+AEj+SVA+WhJzV7/zMhcSu78mLKWSk7cXMOSHsBKFWUs0fWwq8QyK3MgJBQRX6Gbi4kYbdvGkQ==) seems to be corrupted. Trying again.
npm warn tarball tarball data for magic-string@https://registry.npmjs.org/magic-string/-/magic-string-0.30.21.tgz (sha512-vd2F4YUyEXKGcLHoq+TEyCjxueSeHnFxyyjNp80yg0XV4vUhnDer/lvvlqM/arB5bXQN5K2/3oinyCRyx8T2CQ==) seems to be corrupted. Trying again.
npm warn tarball tarball data for rolldown@https://registry.npmjs.org/rolldown/-/rolldown-1.1.5.tgz (sha512-t9z29cJjXf/vxQ8dyhCSpt6H6aSwHTk8cT5I3iy6SMXuFpk5mB6PL6XfC8PCwrPTx93udwKUm9HRteAlTGBLiA==) seems to be corrupted. Trying again.
npm warn tarball tarball data for @oxc-project/types@https://registry.npmjs.org/@oxc-project/types/-/types-0.139.0.tgz (sha512-r9gHphtCs+1M7J0pw6Sn/hh/Wpa/iQrOOkrNAlVLF/gHq+/CJmHIWKKUUhdWjcD6CIa8idarspCsASiXCXvFUw==) seems to be corrupted. Trying again.
npm warn tarball tarball data for content-type@https://registry.npmjs.org/content-type/-/content-type-2.0.0.tgz (sha512-j/O/d7GcZCyNl7/hwZAb606rzqkyvaDctLmckbxLzHvFBzTJHuGEdodATcP3yIRoDrLHkIATJuvzbFlp/ki2cQ==) seems to be corrupted. Trying again.
npm warn tarball tarball data for @rolldown/binding-linux-x64-gnu@https://registry.npmjs.org/@rolldown/binding-linux-x64-gnu/-/binding-linux-x64-gnu-1.1.5.tgz (sha512-FjcpEKUyJygHgs1o50VYNvkt5+7Le/VEdYt0AkRpkL33MnyQfwr8l5mXwMmfmTbyMPr5vJLC+8/Gd9gXnwU1QQ==) seems to be corrupted. Trying again.
npm warn tarball tarball data for entities@https://registry.npmjs.org/entities/-/entities-8.0.0.tgz (sha512-zwfzJecQ/Uej6tusMqwAqU/6KL2XaB2VZ2Jg54Je6ahNBGNH6Ek6g3jjNCF0fG9EWQKGZNddNjU5F1ZQn/sBnA==) seems to be corrupted. Trying again.
npm warn tarball tarball data for @oxc-project/types@https://registry.npmjs.org/@oxc-project/types/-/types-0.140.0.tgz (sha512-h5LUOzGArYemnW1NMz/DuuQhBi96J6JL2Bk8zE4kvqxB5Sg3jxmCiH4uyOWHDkiKSt5vWlG4FIwCR/DbstcNRQ==) seems to be corrupted. Trying again.
npm warn tarball tarball data for source-map@https://registry.npmjs.org/source-map/-/source-map-0.6.1.tgz (sha512-UjgapumWlbMhkBgzT7Ykc5YXUT46F0iKu8SGXq0bcwP5dz/h0Plj6enJqjz1Zbq2l5WaqYnrVbwWOWMyF3F47g==) seems to be corrupted. Trying again.
npm warn tarball tarball data for entities@https://registry.npmjs.org/entities/-/entities-8.0.0.tgz (sha512-zwfzJecQ/Uej6tusMqwAqU/6KL2XaB2VZ2Jg54Je6ahNBGNH6Ek6g3jjNCF0fG9EWQKGZNddNjU5F1ZQn/sBnA==) seems to be corrupted. Trying again.
npm warn tarball tarball data for wrap-ansi@https://registry.npmjs.org/wrap-ansi/-/wrap-ansi-9.0.2.tgz (sha512-42AtmgqjV+X1VpdOfyTGOYRi0/zsoLqtXQckTmqTeybT+BDIbM/Guxo7x3pE2vtpr1ok6xRqM9OpBe+Jyoqyww==) seems to be corrupted. Trying again.
npm warn tarball tarball data for string-width@https://registry.npmjs.org/string-width/-/string-width-7.2.0.tgz (sha512-tsaTIkKW9b4N+AEj+SVA+WhJzV7/zMhcSu78mLKWSk7cXMOSHsBKFWUs0fWwq8QyK3MgJBQRX6Gbi4kYbdvGkQ==) seems to be corrupted. Trying again.
npm warn tarball tarball data for slice-ansi@https://registry.npmjs.org/slice-ansi/-/slice-ansi-7.1.2.tgz (sha512-iOBWFgUX7caIZiuutICxVgX1SdxwAVFFKwt1EvMYYec/NWO5meOJ6K5uQxhrYBdQJne4KxiqZc+KptFOWFSI9w==) seems to be corrupted. Trying again.
npm warn tarball tarball data for entities@https://registry.npmjs.org/entities/-/entities-7.0.1.tgz (sha512-TWrgLOFUQTH994YUyl1yT4uyavY5nNB5muff+RtWaqNVCAK408b5ZnnbNAUEWLTCpum9w6arT70i1XdQ4UeOPA==) seems to be corrupted. Trying again.
npm warn tarball tarball data for ignore@https://registry.npmjs.org/ignore/-/ignore-5.3.2.tgz (sha512-hsBTNUqQTDwkWtcdYI2i06Y/nUBEsNEDJKjWdigLvegy8kDuJAS8uRlpkkcQpyEXL0Z/pjDy5HBmMjRCJ2gq+g==) seems to be corrupted. Trying again.
npm warn tarball tarball data for json-schema-traverse@https://registry.npmjs.org/json-schema-traverse/-/json-schema-traverse-0.4.1.tgz (sha512-xbbCH5dCYU5T8LcEhhuh7HJ88HXuW3qsI3Y0zOZFKfZEHcpWiHU/Jxzk629Brsab/mMiHQti9wMP+845RPe3Vg==) seems to be corrupted. Trying again.
npm warn tarball tarball data for eslint-visitor-keys@https://registry.npmjs.org/eslint-visitor-keys/-/eslint-visitor-keys-5.0.1.tgz (sha512-tD40eHxA35h0PEIZNeIjkHoDR4YjjJp34biM0mDvplBe//mB+IHCqHDGV7pxF+7MklTvighcCPPZC7ynWyjdTA==) seems to be corrupted. Trying again.
npm warn tarball tarball data for source-map@https://registry.npmjs.org/source-map/-/source-map-0.6.1.tgz (sha512-UjgapumWlbMhkBgzT7Ykc5YXUT46F0iKu8SGXq0bcwP5dz/h0Plj6enJqjz1Zbq2l5WaqYnrVbwWOWMyF3F47g==) seems to be corrupted. Trying again.
npm warn tarball tarball data for eslint-visitor-keys@https://registry.npmjs.org/eslint-visitor-keys/-/eslint-visitor-keys-5.0.1.tgz (sha512-tD40eHxA35h0PEIZNeIjkHoDR4YjjJp34biM0mDvplBe//mB+IHCqHDGV7pxF+7MklTvighcCPPZC7ynWyjdTA==) seems to be corrupted. Trying again.
npm warn tarball tarball data for wrap-ansi@https://registry.npmjs.org/wrap-ansi/-/wrap-ansi-9.0.2.tgz (sha512-42AtmgqjV+X1VpdOfyTGOYRi0/zsoLqtXQckTmqTeybT+BDIbM/Guxo7x3pE2vtpr1ok6xRqM9OpBe+Jyoqyww==) seems to be corrupted. Trying again.
npm warn tarball tarball data for whatwg-url@https://registry.npmjs.org/whatwg-url/-/whatwg-url-16.0.1.tgz (sha512-1to4zXBxmXHV3IiSSEInrreIlu02vUOvrhxJJH5vcxYTBDAx51cqZiKdyTxlecdKNSjj8EcxGBxNf6Vg+945gw==) seems to be corrupted. Trying again.
npm warn tarball tarball data for content-type@https://registry.npmjs.org/content-type/-/content-type-2.0.0.tgz (sha512-j/O/d7GcZCyNl7/hwZAb606rzqkyvaDctLmckbxLzHvFBzTJHuGEdodATcP3yIRoDrLHkIATJuvzbFlp/ki2cQ==) seems to be corrupted. Trying again.
npm warn tarball tarball data for string-width@https://registry.npmjs.org/string-width/-/string-width-7.2.0.tgz (sha512-tsaTIkKW9b4N+AEj+SVA+WhJzV7/zMhcSu78mLKWSk7cXMOSHsBKFWUs0fWwq8QyK3MgJBQRX6Gbi4kYbdvGkQ==) seems to be corrupted. Trying again.
npm warn tarball tarball data for ajv@https://registry.npmjs.org/ajv/-/ajv-6.15.0.tgz (sha512-fgFx7Hfoq60ytK2c7DhnF8jIvzYgOMxfugjLOSMHjLIPgenqa7S7oaagATUq99mV6IYvN2tRmC0wnTYX6iPbMw==) seems to be corrupted. Trying again.
npm warn tarball tarball data for convert-source-map@https://registry.npmjs.org/convert-source-map/-/convert-source-map-2.0.0.tgz (sha512-Kvp459HrV2FEJ1CAsi1Ku+MY3kasH19TFykTz2xWmMeq6bk2NU3XXvfJ+Q61m0xktWwt+1HSYf3JZsTms3aRJg==) seems to be corrupted. Trying again.
npm warn tarball tarball data for magic-string@https://registry.npmjs.org/magic-string/-/magic-string-0.30.21.tgz (sha512-vd2F4YUyEXKGcLHoq+TEyCjxueSeHnFxyyjNp80yg0XV4vUhnDer/lvvlqM/arB5bXQN5K2/3oinyCRyx8T2CQ==) seems to be corrupted. Trying again.
npm warn tarball tarball data for magic-string@https://registry.npmjs.org/magic-string/-/magic-string-0.30.21.tgz (sha512-vd2F4YUyEXKGcLHoq+TEyCjxueSeHnFxyyjNp80yg0XV4vUhnDer/lvvlqM/arB5bXQN5K2/3oinyCRyx8T2CQ==) seems to be corrupted. Trying again.
npm warn tarball tarball data for eslint-visitor-keys@https://registry.npmjs.org/eslint-visitor-keys/-/eslint-visitor-keys-5.0.1.tgz (sha512-tD40eHxA35h0PEIZNeIjkHoDR4YjjJp34biM0mDvplBe//mB+IHCqHDGV7pxF+7MklTvighcCPPZC7ynWyjdTA==) seems to be corrupted. Trying again.
npm warn tarball tarball data for node-addon-api@https://registry.npmjs.org/node-addon-api/-/node-addon-api-7.1.1.tgz (sha512-5m3bsyrjFWE1xf7nz7YXdN4udnVtXK6/Yfgn5qnahL6bCkf2yKt4k3nuTKAtT4r3IG8JNR2ncsIMdZuAzJjHQQ==) seems to be corrupted. Trying again.
npm warn tarball tarball data for @babel/types@https://registry.npmjs.org/@babel/types/-/types-7.29.8.tgz (sha512-Vj1jF3cPfxg7OAfoI7QnVKLoILlm2JF9pnVHrX8qx7AHMiYWT+NDAA7jChlNgRS4WTLc/fD1lXLmPixluj+3Gg==) seems to be corrupted. Trying again.
npm warn tarball tarball data for @babel/helper-validator-identifier@https://registry.npmjs.org/@babel/helper-validator-identifier/-/helper-validator-identifier-7.29.7.tgz (sha512-qehxGkRj55h/ff8EMaJ+cYhyaKlHIxqYDn682wQD7RNp9UujOQsHog2uS0r2vzr4pW+sXf90NeeayjcNaX3fFg==) seems to be corrupted. Trying again.
npm warn tarball tarball data for @babel/helper-string-parser@https://registry.npmjs.org/@babel/helper-string-parser/-/helper-string-parser-7.29.7.tgz (sha512-Pb5ijPrZ89GDH8223L4UP8i6QApWxs04RbPQJTeWDV0/keR2E36MeKnyr6LYmUUvqRRI+Iv87SuF1W6ErINzYw==) seems to be corrupted. Trying again.
npm warn tarball tarball data for convert-source-map@https://registry.npmjs.org/convert-source-map/-/convert-source-map-2.0.0.tgz (sha512-Kvp459HrV2FEJ1CAsi1Ku+MY3kasH19TFykTz2xWmMeq6bk2NU3XXvfJ+Q61m0xktWwt+1HSYf3JZsTms3aRJg==) seems to be corrupted. Trying again.
npm warn tarball tarball data for listr2@https://registry.npmjs.org/listr2/-/listr2-10.2.2.tgz (sha512-JtNtbZj8q5BnDMR7trpwvwk3RIrANtIVzEUm8w7amp6xelLgyuq+4WZoTH913XaQAoH/cNdYhaNzBPA2U3xbDw==) seems to be corrupted. Trying again.
npm warn tarball tarball data for listr2@https://registry.npmjs.org/listr2/-/listr2-10.2.2.tgz (sha512-JtNtbZj8q5BnDMR7trpwvwk3RIrANtIVzEUm8w7amp6xelLgyuq+4WZoTH913XaQAoH/cNdYhaNzBPA2U3xbDw==) seems to be corrupted. Trying again.
npm warn tar TAR_ENTRY_ERROR ENOENT: no such file or directory, open '${ARC_SOURCE}/frontend/node_modules/prettier/plugins/acorn.mjs'
npm warn tar TAR_ENTRY_ERROR ENOENT: no such file or directory, open '${ARC_SOURCE}/frontend/node_modules/caniuse-lite/data/features/text-overflow.js'
npm warn tar TAR_ENTRY_ERROR ENOENT: no such file or directory, open '${ARC_SOURCE}/frontend/node_modules/@angular/common/locales/extra/ee.js'
npm warn tar TAR_ENTRY_ERROR ENOENT: no such file or directory, lstat '${ARC_SOURCE}/frontend/node_modules/caniuse-lite/data'
npm warn tar TAR_ENTRY_ERROR ENOENT: no such file or directory, open '${ARC_SOURCE}/frontend/node_modules/@angular/material/core/ripple/_ripple-theme.scss'
npm warn tar TAR_ENTRY_ERROR ENOENT: no such file or directory, open '${ARC_SOURCE}/frontend/node_modules/@angular/cli/src/analytics/analytics.d.ts'
npm warn tar TAR_ENTRY_ERROR ENOENT: no such file or directory, open '${ARC_SOURCE}/frontend/node_modules/source-map-support/node_modules/source-map/dist/source-map.min.js.map'
npm warn tar TAR_ENTRY_ERROR ENOENT: no such file or directory, lstat '${ARC_SOURCE}/frontend/node_modules/caniuse-lite/data'
npm warn tar TAR_ENTRY_ERROR ENOENT: no such file or directory, lstat '${ARC_SOURCE}/frontend/node_modules/caniuse-lite/data'
npm warn tar TAR_ENTRY_ERROR ENOENT: no such file or directory, lstat '${ARC_SOURCE}/frontend/node_modules/rxjs/dist/esm/internal/scheduled'
npm warn tar TAR_ENTRY_ERROR ENOENT: no such file or directory, open '${ARC_SOURCE}/frontend/node_modules/@angular/cdk/schematics/utils/ast.d.ts'
npm warn tar TAR_ENTRY_ERROR ENOENT: no such file or directory, open '${ARC_SOURCE}/frontend/node_modules/@modelcontextprotocol/sdk/dist/esm/shared/responseMessage.d.ts.map'
npm warn tar TAR_ENTRY_ERROR ENOENT: no such file or directory, lstat '${ARC_SOURCE}/frontend/node_modules/caniuse-lite/data'
npm warn tar TAR_ENTRY_ERROR ENOENT: no such file or directory, open '${ARC_SOURCE}/frontend/node_modules/eslint/node_modules/ajv/lib/dot/propertyNames.jst'
npm warn tar TAR_ENTRY_ERROR ENOENT: no such file or directory, lstat '${ARC_SOURCE}/frontend/node_modules/caniuse-lite/data'
npm warn tar TAR_ENTRY_ERROR ENOENT: no such file or directory, lstat '${ARC_SOURCE}/frontend/node_modules/eslint/node_modules/ajv/lib'
npm warn tar TAR_ENTRY_ERROR ENOENT: no such file or directory, lstat '${ARC_SOURCE}/frontend/node_modules/@angular/build/src/tools/vite/plugins'
npm warn tar TAR_ENTRY_ERROR ENOENT: no such file or directory, lstat '${ARC_SOURCE}/frontend/node_modules/@angular/cli/src/commands/mcp/tools/onpush-zoneless-migration'
npm warn tar TAR_ENTRY_ERROR ENOENT: no such file or directory, lstat '${ARC_SOURCE}/frontend/node_modules/caniuse-lite/data'
npm warn tar TAR_ENTRY_ERROR ENOENT: no such file or directory, lstat '${ARC_SOURCE}/frontend/node_modules/eslint/node_modules/ajv/lib'
npm warn tar TAR_ENTRY_ERROR ENOENT: no such file or directory, lstat '${ARC_SOURCE}/frontend/node_modules/jsdom/lib/jsdom/living/css'
npm warn tar TAR_ENTRY_ERROR ENOENT: no such file or directory, lstat '${ARC_SOURCE}/frontend/node_modules/@angular/cli/src'
npm warn tar TAR_ENTRY_ERROR ENOENT: no such file or directory, lstat '${ARC_SOURCE}/frontend/node_modules/rxjs/dist/esm5/internal/scheduled'
npm warn tar TAR_ENTRY_ERROR ENOENT: no such file or directory, lstat '${ARC_SOURCE}/frontend/node_modules/caniuse-lite/data'
npm warn tar TAR_ENTRY_ERROR ENOENT: no such file or directory, lstat '${ARC_SOURCE}/frontend/node_modules/eslint/node_modules/ajv/lib'
npm warn tar TAR_ENTRY_ERROR ENOENT: no such file or directory, open '${ARC_SOURCE}/frontend/node_modules/@modelcontextprotocol/sdk/dist/cjs/server/zod-json-schema-compat.d.ts'
npm warn tar TAR_ENTRY_ERROR ENOENT: no such file or directory, lstat '${ARC_SOURCE}/frontend/node_modules/@angular/build/src/utils'
npm warn tar TAR_ENTRY_ERROR ENOENT: no such file or directory, lstat '${ARC_SOURCE}/frontend/node_modules/jsdom/lib/jsdom'
npm warn tar TAR_ENTRY_ERROR ENOENT: no such file or directory, lstat '${ARC_SOURCE}/frontend/node_modules/@angular/cli/src'
npm warn tar TAR_ENTRY_ERROR ENOENT: no such file or directory, lstat '${ARC_SOURCE}/frontend/node_modules/rxjs/dist'
npm warn tar TAR_ENTRY_ERROR ENOENT: no such file or directory, lstat '${ARC_SOURCE}/frontend/node_modules/caniuse-lite/data'
npm warn tar TAR_ENTRY_ERROR ENOENT: no such file or directory, lstat '${ARC_SOURCE}/frontend/node_modules/eslint/node_modules/ajv/lib'
npm warn tar TAR_ENTRY_ERROR ENOENT: no such file or directory, lstat '${ARC_SOURCE}/frontend/node_modules/@angular/build/src'
npm warn tar TAR_ENTRY_ERROR ENOENT: no such file or directory, open '${ARC_SOURCE}/frontend/node_modules/@babel/helper-split-export-declaration/node_modules/@babel/types/lib/clone/cloneDeep.js'
npm warn tar TAR_ENTRY_ERROR ENOENT: no such file or directory, lstat '${ARC_SOURCE}/frontend/node_modules/jsdom/lib'
npm warn tar TAR_ENTRY_ERROR ENOENT: no such file or directory, lstat '${ARC_SOURCE}/frontend/node_modules/@angular/cli/src'
npm warn tar TAR_ENTRY_ERROR ENOENT: no such file or directory, lstat '${ARC_SOURCE}/frontend/node_modules/rxjs/dist'
npm warn tar TAR_ENTRY_ERROR ENOENT: no such file or directory, lstat '${ARC_SOURCE}/frontend/node_modules/caniuse-lite/data'
npm warn cleanup Failed to remove some directories [
npm warn cleanup   [
npm warn cleanup     '${ARC_SOURCE}/frontend/node_modules/@angular/material',
npm warn cleanup     [Error: ENOTEMPTY: directory not empty, rmdir '${ARC_SOURCE}/frontend/node_modules/@angular/material/radio'] {
npm warn cleanup       errno: -39,
npm warn cleanup       code: 'ENOTEMPTY',
npm warn cleanup       syscall: 'rmdir',
npm warn cleanup       path: '${ARC_SOURCE}/frontend/node_modules/@angular/material/radio'
npm warn cleanup     }
npm warn cleanup   ],
npm warn cleanup   [
npm warn cleanup     '${ARC_SOURCE}/frontend/node_modules/@angular/common',
npm warn cleanup     [Error: ENOTEMPTY: directory not empty, rmdir '${ARC_SOURCE}/frontend/node_modules/@angular/common/locales/global'] {
npm warn cleanup       errno: -39,
npm warn cleanup       code: 'ENOTEMPTY',
npm warn cleanup       syscall: 'rmdir',
npm warn cleanup       path: '${ARC_SOURCE}/frontend/node_modules/@angular/common/locales/global'
npm warn cleanup     }
npm warn cleanup   ],
npm warn cleanup   [
npm warn cleanup     '${ARC_SOURCE}/frontend/node_modules/eslint/node_modules/ajv',
npm warn cleanup     [Error: ENOTEMPTY: directory not empty, rmdir '${ARC_SOURCE}/frontend/node_modules/eslint/node_modules/ajv/lib/dot'] {
npm warn cleanup       errno: -39,
npm warn cleanup       code: 'ENOTEMPTY',
npm warn cleanup       syscall: 'rmdir',
npm warn cleanup       path: '${ARC_SOURCE}/frontend/node_modules/eslint/node_modules/ajv/lib/dot'
npm warn cleanup     }
npm warn cleanup   ],
npm warn cleanup   [
npm warn cleanup     '${ARC_SOURCE}/frontend/node_modules',
npm warn cleanup     [Error: ENOTEMPTY: directory not empty, rmdir '${ARC_SOURCE}/frontend/node_modules/@angular/common/locales'] {
npm warn cleanup       errno: -39,
npm warn cleanup       code: 'ENOTEMPTY',
npm warn cleanup       syscall: 'rmdir',
npm warn cleanup       path: '${ARC_SOURCE}/frontend/node_modules/@angular/common/locales'
npm warn cleanup     }
npm warn cleanup   ],
npm warn cleanup   [
npm warn cleanup     '${ARC_SOURCE}/frontend/node_modules/@angular/cdk',
npm warn cleanup     [Error: ENOTEMPTY: directory not empty, rmdir '${ARC_SOURCE}/frontend/node_modules/@angular/cdk/schematics/ng-update/html-parsing'] {
npm warn cleanup       errno: -39,
npm warn cleanup       code: 'ENOTEMPTY',
npm warn cleanup       syscall: 'rmdir',
npm warn cleanup       path: '${ARC_SOURCE}/frontend/node_modules/@angular/cdk/schematics/ng-update/html-parsing'
npm warn cleanup     }
npm warn cleanup   ],
npm warn cleanup   [
npm warn cleanup     '${ARC_SOURCE}/frontend/node_modules/@angular',
npm warn cleanup     [Error: ENOTEMPTY: directory not empty, rmdir '${ARC_SOURCE}/frontend/node_modules/@angular/common/locales'] {
npm warn cleanup       errno: -39,
npm warn cleanup       code: 'ENOTEMPTY',
npm warn cleanup       syscall: 'rmdir',
npm warn cleanup       path: '${ARC_SOURCE}/frontend/node_modules/@angular/common/locales'
npm warn cleanup     }
npm warn cleanup   ],
npm warn cleanup   [
npm warn cleanup     '${ARC_SOURCE}/frontend/node_modules/@babel/helper-split-export-declaration/node_modules/@babel/types',
npm warn cleanup     [Error: ENOTEMPTY: directory not empty, rmdir '${ARC_SOURCE}/frontend/node_modules/@babel/helper-split-export-declaration/node_modules/@babel/types/lib/builders'] {
npm warn cleanup       errno: -39,
npm warn cleanup       code: 'ENOTEMPTY',
npm warn cleanup       syscall: 'rmdir',
npm warn cleanup       path: '${ARC_SOURCE}/frontend/node_modules/@babel/helper-split-export-declaration/node_modules/@babel/types/lib/builders'
npm warn cleanup     }
npm warn cleanup   ],
npm warn cleanup   [
npm warn cleanup     '${ARC_SOURCE}/frontend/node_modules/eslint',
npm warn cleanup     [Error: ENOTEMPTY: directory not empty, rmdir '${ARC_SOURCE}/frontend/node_modules/eslint/node_modules/ajv/lib/dot'] {
npm warn cleanup       errno: -39,
npm warn cleanup       code: 'ENOTEMPTY',
npm warn cleanup       syscall: 'rmdir',
npm warn cleanup       path: '${ARC_SOURCE}/frontend/node_modules/eslint/node_modules/ajv/lib/dot'
npm warn cleanup     }
npm warn cleanup   ],
npm warn cleanup   [
npm warn cleanup     '${ARC_SOURCE}/frontend/node_modules/@babel/helper-split-export-declaration',
npm warn cleanup     [Error: ENOTEMPTY: directory not empty, rmdir '${ARC_SOURCE}/frontend/node_modules/@babel/helper-split-export-declaration/node_modules/@babel/types/lib'] {
npm warn cleanup       errno: -39,
npm warn cleanup       code: 'ENOTEMPTY',
npm warn cleanup       syscall: 'rmdir',
npm warn cleanup       path: '${ARC_SOURCE}/frontend/node_modules/@babel/helper-split-export-declaration/node_modules/@babel/types/lib'
npm warn cleanup     }
npm warn cleanup   ],
npm warn cleanup   [
npm warn cleanup     '${ARC_SOURCE}/frontend/node_modules/@babel',
npm warn cleanup     [Error: ENOTEMPTY: directory not empty, rmdir '${ARC_SOURCE}/frontend/node_modules/@babel/helper-split-export-declaration/node_modules/@babel/types/lib/clone'] {
npm warn cleanup       errno: -39,
npm warn cleanup       code: 'ENOTEMPTY',
npm warn cleanup       syscall: 'rmdir',
npm warn cleanup       path: '${ARC_SOURCE}/frontend/node_modules/@babel/helper-split-export-declaration/node_modules/@babel/types/lib/clone'
npm warn cleanup     }
npm warn cleanup   ],
npm warn cleanup   [
npm warn cleanup     '${ARC_SOURCE}/frontend/node_modules/hono',
npm warn cleanup     [Error: ENOTEMPTY: directory not empty, rmdir '${ARC_SOURCE}/frontend/node_modules/hono/dist/types'] {
npm warn cleanup       errno: -39,
npm warn cleanup       code: 'ENOTEMPTY',
npm warn cleanup       syscall: 'rmdir',
npm warn cleanup       path: '${ARC_SOURCE}/frontend/node_modules/hono/dist/types'
npm warn cleanup     }
npm warn cleanup   ],
npm warn cleanup   [
npm warn cleanup     '${ARC_SOURCE}/frontend/node_modules/@modelcontextprotocol',
npm warn cleanup     [Error: ENOTEMPTY: directory not empty, rmdir '${ARC_SOURCE}/frontend/node_modules/@modelcontextprotocol/sdk/dist/esm/server'] {
npm warn cleanup       errno: -39,
npm warn cleanup       code: 'ENOTEMPTY',
npm warn cleanup       syscall: 'rmdir',
npm warn cleanup       path: '${ARC_SOURCE}/frontend/node_modules/@modelcontextprotocol/sdk/dist/esm/server'
npm warn cleanup     }
npm warn cleanup   ]
npm warn cleanup ]
npm warn tar TAR_ENTRY_ERROR ENOENT: no such file or directory, lstat '${ARC_SOURCE}/frontend/node_modules/eslint/node_modules/ajv/dist'
npm warn tar TAR_ENTRY_ERROR ENOENT: no such file or directory, lstat '${ARC_SOURCE}/frontend/node_modules/@angular/build/src'
npm warn tar TAR_ENTRY_ERROR ENOENT: no such file or directory, lstat '${ARC_SOURCE}/frontend/node_modules/jsdom/lib'
npm warn tar TAR_ENTRY_ERROR ENOENT: no such file or directory, lstat '${ARC_SOURCE}/frontend/node_modules/@angular/cli/src'
npm warn tar TAR_ENTRY_ERROR ENOENT: no such file or directory, lstat '${ARC_SOURCE}/frontend/node_modules/rxjs/dist'
npm warn tar TAR_ENTRY_ERROR ENOENT: no such file or directory, lstat '${ARC_SOURCE}/frontend/node_modules/caniuse-lite/data'
npm warn tar TAR_ENTRY_ERROR ENOENT: no such file or directory, lstat '${ARC_SOURCE}/frontend/node_modules/@angular/build/src'
npm warn tar TAR_ENTRY_ERROR ENOENT: no such file or directory, lstat '${ARC_SOURCE}/frontend/node_modules/jsdom/lib'
npm warn tar TAR_ENTRY_ERROR ENOENT: no such file or directory, lstat '${ARC_SOURCE}/frontend/node_modules/@angular/cli/src'
npm warn tar TAR_ENTRY_ERROR ENOENT: no such file or directory, lstat '${ARC_SOURCE}/frontend/node_modules/rxjs/dist'
npm warn tar TAR_ENTRY_ERROR ENOENT: no such file or directory, lstat '${ARC_SOURCE}/frontend/node_modules/caniuse-lite/data'
npm error code ENOENT
npm error syscall mkdir
npm error path /home/gem/.npm/_cacache
npm error errno -2
npm error enoent ENOENT: no such file or directory, mkdir '/home/gem/.npm/_cacache'
npm error enoent This is related to npm not being able to find a file.
npm error enoent
npm notice
npm notice New major version of npm available! 11.16.0 -> 12.0.2
npm notice Changelog: https://github.com/npm/cli/releases/tag/v12.0.2
npm notice To update run: npm install -g npm@12.0.2
npm notice
npm error Log files were not written due to an error writing to the directory: /home/gem/.npm/_logs
npm error You can rerun the command with `--loglevel=verbose` to see the logs in your terminal
